"","A1257","A1258","A1259","A1260","A1261","A1262","A1263","A1264","A1265","A1267","A1268","A1269","A1270","A1272","A1273","A1274","A1275","A1276","A1277","A1279","A1302","A1304","A1307","A1309","A1310","A1311","A1312","A1313","A1314","A1316","A1317","A1318","A1319","A1320","A1321","B1005","B1007","B1008","B1009","B1010","B1011","B1012","B1019","B1053","B1055","B1057","B1058","B1060","B1061","B1062","B1075","B1102","B1103","B1104","B1105","B1106","B1107","B1110","B1111","B1151","B1152","B1153","B1155","B1157","B1158","B1159","B1160","B1161","B1201","B1202","B1203","B1205","B1206","B1207","B1208","B1209","B1210","B1211","B1216","B1217","B1218","B1219","B1220","M1345","M1347","M1351","M1353","M1354","M1356","M1357","M1358","M1359","M1360","M1361","M1362","M1363","M1364","M1365","M1366","M1367","M1368","M1463","M1464","M1465","M1467","M1469","M1471"
"A1257",2,1.7209,1.72049,1.67369,1.68479,1.60956,1.6988,1.74181,1.74125,1.75279,1.71408,1.71865,1.70386,1.78757,1.7626,1.75596,1.66467,1.67552,1.68461,1.7054,1.64963,1.71041,1.71979,1.71895,1.71683,1.64285,1.71659,1.76845,1.68076,1.74332,1.71268,1.70203,1.70695,1.68652,1.69661,1.71964,1.66089,1.71948,1.73046,1.74779,1.71511,1.74306,1.70896,1.68053,1.71004,1.71609,1.70645,1.71006,1.65073,1.76541,1.72085,1.71322,1.71868,1.71151,1.68464,1.74732,1.67644,1.65985,1.67863,1.69716,1.71687,1.69124,1.66766,1.71711,1.69069,1.65691,1.68163,1.69461,1.67463,1.63943,1.65071,1.66993,1.69987,1.70685,1.67646,1.75988,1.62611,1.71792,1.7168,1.65479,1.7074,1.66506,1.69861,1.55046,1.69235,1.64798,1.64645,1.64909,1.64965,1.64831,1.63466,1.65028,1.64347,1.64941,1.68932,1.64662,1.69214,1.68799,1.69415,1.66074,1.70803,1.65506,1.70794,1.6642,1.68732,1.67924,1.72499
"A1258",1.7209,2,1.71961,1.68411,1.65465,1.5474,1.67086,1.73384,1.69768,1.69,1.72196,1.71137,1.67018,1.76382,1.78363,1.74543,1.7216,1.73402,1.7027,1.7415,1.68815,1.70953,1.66464,1.66115,1.66158,1.7188,1.6663,1.69394,1.63688,1.66094,1.70448,1.69062,1.67168,1.70113,1.64342,1.68136,1.61976,1.61936,1.63051,1.7503,1.71631,1.70454,1.69143,1.63479,1.73794,1.62406,1.63553,1.70794,1.65473,1.65435,1.69458,1.67443,1.65586,1.68954,1.6752,1.68585,1.6416,1.60069,1.60662,1.68078,1.73289,1.64013,1.59681,1.76333,1.59974,1.60383,1.63697,1.64721,1.74198,1.60679,1.64093,1.75763,1.7302,1.76076,1.6656,1.75427,1.57314,1.78643,1.71708,1.68601,1.62405,1.58342,1.66236,1.57655,1.61794,1.64485,1.64378,1.64754,1.64796,1.64516,1.65766,1.64105,1.66499,1.64758,1.64782,1.64679,1.66278,1.63857,1.66441,1.67497,1.6231,1.63549,1.62986,1.59033,1.67398,1.67366,1.69472
"A1259",1.72049,1.71961,2,1.6015,1.64428,1.54551,1.64786,1.79114,1.65918,1.67475,1.68279,1.67585,1.66731,1.78262,1.75491,1.82041,1.65411,1.65197,1.64712,1.6418,1.56936,1.61105,1.61302,1.61394,1.61601,1.5982,1.62744,1.66401,1.59686,1.67607,1.63881,1.63711,1.61614,1.64395,1.65402,1.84425,1.63927,1.6494,1.64385,1.70102,1.64287,1.81774,1.65536,1.70548,1.67957,1.64096,1.65192,1.66322,1.62556,1.64003,1.63288,1.65817,1.60997,1.66212,1.61851,1.67146,1.58282,1.6714,1.69347,1.74475,1.6633,1.59616,1.59939,1.709,1.5928,1.60275,1.62827,1.61795,1.61297,1.5797,1.59839,1.72711,1.66121,1.7319,1.66993,1.79258,1.60228,1.63065,1.65057,1.63366,1.59868,1.57849,1.6017,1.47214,1.65101,1.55554,1.55428,1.55867,1.55823,1.55566,1.61194,1.59163,1.55833,1.55684,1.62502,1.59062,1.71679,1.64764,1.60595,1.6214,1.6245,1.58623,1.63147,1.58357,1.64054,1.64072,1.62286
"A1260",1.67369,1.68411,1.6015,2,1.66957,1.5426,1.70132,1.68698,1.78947,1.74271,1.7206,1.73795,1.67683,1.67663,1.70955,1.64546,1.72904,1.74647,1.70457,1.64983,1.61672,1.63261,1.68594,1.68191,1.68813,1.62111,1.68895,1.72757,1.66841,1.61472,1.74001,1.79359,1.76819,1.80404,1.64153,1.62261,1.67829,1.62746,1.61672,1.85425,1.79518,1.58775,1.77362,1.56517,1.82647,1.62653,1.63876,1.76321,1.68504,1.65777,1.76408,1.75043,1.64763,1.74986,1.72115,1.75608,1.63123,1.58788,1.59948,1.60434,1.84109,1.73166,1.62676,1.69917,1.61889,1.61649,1.62702,1.6338,1.63418,1.61995,1.60463,1.63326,1.63932,1.72977,1.66676,1.72088,1.61655,1.69708,1.7014,1.58978,1.6091,1.61814,1.64723,1.4962,1.59804,1.58268,1.58227,1.5862,1.58565,1.58319,1.59122,1.57177,1.59526,1.58316,1.60093,1.63985,1.62945,1.58038,1.68073,1.73497,1.66951,1.62286,1.61164,1.57934,1.68421,1.73703,1.65364
"A1261",1.68479,1.65465,1.64428,1.66957,2,1.67498,1.61956,1.66664,1.67051,1.66971,1.70289,1.70909,1.71469,1.62653,1.64833,1.63899,1.64045,1.61171,1.64591,1.62795,1.60055,1.6196,1.71409,1.71418,1.71471,1.61562,1.73919,1.71524,1.61019,1.58323,1.66187,1.62911,1.61781,1.65323,1.62184,1.63955,1.61295,1.57459,1.60272,1.73024,1.64776,1.62144,1.64373,1.54458,1.68133,1.69796,1.66235,1.67848,1.64094,1.63723,1.63797,1.59712,1.66324,1.68219,1.62428,1.66197,1.59905,1.58071,1.56976,1.60787,1.67157,1.68141,1.56888,1.62708,1.60076,1.58769,1.61957,1.61753,1.62751,1.5535,1.5987,1.60808,1.61391,1.63894,1.63546,1.69531,1.55453,1.67851,1.63391,1.56087,1.70172,1.69206,1.67394,1.52091,1.61457,1.58485,1.58384,1.58781,1.58659,1.58539,1.54891,1.59081,1.58491,1.58738,1.67014,1.61967,1.5981,1.62912,1.6033,1.65362,1.60722,1.60922,1.72121,1.57514,1.6789,1.65177,1.6221
"A1262",1.60956,1.5474,1.54551,1.5426,1.67498,2,1.60346,1.58562,1.59865,1.59518,1.60327,1.60356,1.62963,1.54401,1.58437,1.51954,1.58656,1.5603,1.56445,1.55738,1.58006,1.59946,1.5927,1.59552,1.5895,1.60593,1.58335,1.57606,1.55464,1.52127,1.61291,1.59914,1.58078,1.53248,1.6097,1.55038,1.55609,1.62317,1.58891,1.59096,1.54872,1.5465,1.57946,1.5681,1.58433,1.71395,1.62301,1.55612,1.59902,1.54449,1.52179,1.58308,1.59117,1.57622,1.57562,1.53494,1.566,1.56755,1.59682,1.59962,1.59602,1.58398,1.60892,1.5509,1.58206,1.57899,1.65885,1.63065,1.58773,1.52069,1.61158,1.57868,1.55047,1.55975,1.58603,1.59939,1.59366,1.61757,1.63019,1.53605,1.55894,1.56762,1.52343,1.42472,1.50122,1.55562,1.55446,1.55743,1.55661,1.55492,1.51163,1.57675,1.58456,1.55738,1.59387,1.55049,1.48491,1.5444,1.55342,1.54566,1.57696,1.65464,1.60983,1.56469,1.57169,1.58691,1.6169
"A1263",1.6988,1.67086,1.64786,1.70132,1.61956,1.60346,2,1.67386,1.70602,1.71648,1.6839,1.67472,1.64306,1.70177,1.71231,1.67659,1.67502,1.67141,1.67768,1.65773,1.63292,1.64877,1.72972,1.72887,1.72693,1.64858,1.70308,1.70414,1.69361,1.66308,1.71236,1.69008,1.69232,1.66933,1.67577,1.66169,1.70684,1.66641,1.61416,1.73284,1.70969,1.62535,1.68304,1.67464,1.7377,1.6745,1.68725,1.72523,1.71775,1.70707,1.65061,1.73806,1.6474,1.72922,1.71623,1.68835,1.67224,1.67751,1.68536,1.66298,1.71994,1.64381,1.72985,1.65682,1.67077,1.66856,1.67922,1.70612,1.61088,1.703,1.58891,1.67506,1.67572,1.70528,1.68225,1.74907,1.73161,1.6754,1.67858,1.63753,1.61226,1.59996,1.6177,1.53616,1.67812,1.61379,1.61223,1.61524,1.61474,1.61357,1.65,1.60735,1.62615,1.61518,1.64698,1.64866,1.64135,1.61938,1.65013,1.65144,1.66073,1.61869,1.66235,1.58825,1.67553,1.67296,1.70404
"A1264",1.74181,1.73384,1.79114,1.68698,1.66664,1.58562,1.67386,2,1.73804,1.70782,1.72024,1.70551,1.69687,1.75536,1.73315,1.75194,1.6776,1.6802,1.65624,1.69425,1.61317,1.6528,1.68267,1.68032,1.67816,1.62376,1.68124,1.70454,1.64102,1.68963,1.66162,1.70121,1.67566,1.70142,1.66408,1.76866,1.64476,1.63109,1.63927,1.75214,1.68386,1.80754,1.68357,1.6498,1.72231,1.69978,1.68311,1.69002,1.65053,1.66018,1.67992,1.66942,1.67338,1.71786,1.68419,1.70824,1.61759,1.68426,1.68594,1.68976,1.7276,1.62023,1.63412,1.73107,1.61832,1.62273,1.68702,1.64691,1.6501,1.60552,1.64161,1.70369,1.65163,1.71709,1.67087,1.77058,1.61588,1.66963,1.67511,1.5911,1.64577,1.59869,1.63402,1.50315,1.63182,1.56893,1.56745,1.57072,1.5706,1.56854,1.62154,1.60904,1.56728,1.56988,1.66941,1.63056,1.70676,1.65673,1.63213,1.69876,1.66899,1.64485,1.69655,1.59392,1.65445,1.69035,1.65093
"A1265",1.74125,1.69768,1.65918,1.78947,1.67051,1.59865,1.70602,1.73804,2,1.74468,1.74121,1.74308,1.71693,1.70819,1.71813,1.68003,1.70011,1.70765,1.70176,1.68552,1.64209,1.648,1.66787,1.66464,1.66404,1.64728,1.66019,1.69426,1.62624,1.69851,1.74051,1.81377,1.79317,1.7726,1.69239,1.66389,1.65775,1.72608,1.69943,1.82535,1.7407,1.6617,1.80344,1.62468,1.79506,1.6589,1.65892,1.74824,1.70729,1.67434,1.75274,1.75088,1.68131,1.74352,1.70766,1.76375,1.64878,1.62516,1.65157,1.63134,1.79078,1.7222,1.6762,1.73047,1.61035,1.65479,1.68534,1.64522,1.68973,1.62592,1.65412,1.63664,1.6537,1.71957,1.65835,1.73457,1.62318,1.69268,1.69819,1.59189,1.63428,1.60242,1.61783,1.5154,1.6523,1.61237,1.61154,1.61554,1.61614,1.61321,1.60489,1.62845,1.61973,1.61453,1.6695,1.60171,1.68485,1.63041,1.7303,1.75164,1.72215,1.69022,1.67077,1.64196,1.67496,1.76425,1.6551
"A1267",1.75279,1.69,1.67475,1.74271,1.66971,1.59518,1.71648,1.70782,1.74468,2,1.74109,1.75605,1.69731,1.73746,1.74083,1.7226,1.67819,1.68781,1.68537,1.67395,1.6114,1.64983,1.71639,1.7142,1.71241,1.62881,1.70284,1.71137,1.68634,1.65527,1.74697,1.7286,1.72498,1.72113,1.65664,1.71713,1.75033,1.70553,1.66308,1.82037,1.72257,1.67513,1.75714,1.6704,1.75944,1.66188,1.76546,1.8104,1.75,1.72391,1.72198,1.76731,1.71772,1.75807,1.73515,1.74783,1.70402,1.6876,1.69014,1.6744,1.76516,1.70019,1.70758,1.70112,1.69259,1.73203,1.68189,1.70436,1.6579,1.66292,1.59215,1.68906,1.69879,1.75958,1.71755,1.80243,1.67502,1.69537,1.70518,1.64538,1.65442,1.62915,1.66213,1.55958,1.67927,1.62759,1.62709,1.63051,1.63043,1.62924,1.60862,1.61041,1.65809,1.62944,1.65787,1.65217,1.6847,1.67253,1.66057,1.69665,1.74912,1.65371,1.67305,1.62974,1.74576,1.77525,1.71232
"A1268",1.71408,1.72196,1.68279,1.7206,1.70289,1.60327,1.6839,1.72024,1.74121,1.74109,2,1.84729,1.8077,1.73123,1.7256,1.69574,1.73454,1.70705,1.71425,1.65619,1.65447,1.68482,1.6857,1.69006,1.68238,1.68727,1.68425,1.74836,1.71892,1.62579,1.73734,1.70844,1.67311,1.71195,1.62355,1.67478,1.64898,1.65809,1.64928,1.81624,1.70463,1.66472,1.72574,1.64105,1.75812,1.67623,1.65071,1.72502,1.66376,1.65511,1.6947,1.71999,1.70693,1.69283,1.66564,1.73239,1.63325,1.66401,1.67392,1.65063,1.75539,1.69773,1.62533,1.70913,1.65476,1.62626,1.65572,1.65664,1.61067,1.59181,1.58765,1.6597,1.6414,1.71767,1.6277,1.72785,1.6089,1.68969,1.6845,1.61176,1.67365,1.62722,1.66596,1.5364,1.62451,1.5882,1.58679,1.59064,1.59037,1.58849,1.61989,1.58124,1.59482,1.59014,1.6406,1.60713,1.66392,1.59725,1.64909,1.72106,1.66847,1.58617,1.65755,1.57081,1.70359,1.68252,1.69283
"A1269",1.71865,1.71137,1.67585,1.73795,1.70909,1.60356,1.67472,1.70551,1.74308,1.75605,1.84729,2,1.92626,1.72365,1.7421,1.70756,1.74191,1.72234,1.72909,1.6472,1.67317,1.68128,1.73402,1.73723,1.73193,1.68067,1.73602,1.76045,1.69564,1.62358,1.69994,1.7323,1.71556,1.75759,1.65652,1.67084,1.65276,1.6254,1.62732,1.87075,1.71745,1.66248,1.72594,1.64037,1.80781,1.67128,1.67903,1.75669,1.67885,1.67115,1.74789,1.73232,1.71676,1.70231,1.6873,1.73815,1.65764,1.66186,1.65315,1.65965,1.76932,1.79313,1.6434,1.74233,1.63318,1.64409,1.66948,1.6787,1.63846,1.5988,1.57067,1.65333,1.65145,1.71973,1.65859,1.74854,1.61947,1.69439,1.70838,1.61908,1.68972,1.68331,1.66089,1.57227,1.65024,1.62323,1.62113,1.62589,1.62496,1.62312,1.60674,1.62391,1.60845,1.62481,1.65955,1.66855,1.64101,1.62721,1.65052,1.66458,1.67215,1.55346,1.70616,1.55403,1.7459,1.6921,1.67387
"A1270",1.70386,1.67018,1.66731,1.67683,1.71469,1.62963,1.64306,1.69687,1.71693,1.69731,1.8077,1.92626,2,1.67766,1.68727,1.66338,1.69193,1.66322,1.67599,1.62664,1.62737,1.63853,1.69666,1.70006,1.69476,1.63448,1.68381,1.70758,1.64629,1.61717,1.65334,1.68801,1.6695,1.71058,1.68727,1.66052,1.62003,1.6069,1.65372,1.80461,1.66629,1.68767,1.66432,1.60762,1.74853,1.71424,1.67279,1.69186,1.63045,1.62541,1.68722,1.6677,1.67133,1.6499,1.63744,1.67935,1.61055,1.65043,1.64178,1.61587,1.72119,1.73721,1.59932,1.70046,1.6159,1.59525,1.64844,1.64372,1.5892,1.55801,1.60043,1.63434,1.6082,1.66589,1.61603,1.68994,1.58725,1.64656,1.6669,1.57405,1.69439,1.67856,1.60754,1.52137,1.59188,1.5732,1.57166,1.57603,1.57516,1.57315,1.59558,1.60444,1.56228,1.57511,1.64223,1.62064,1.59041,1.64028,1.62003,1.6893,1.62485,1.59922,1.7331,1.59174,1.68614,1.64547,1.62941
"A1272",1.78757,1.76382,1.78262,1.67663,1.62653,1.54401,1.70177,1.75536,1.70819,1.73746,1.73123,1.72365,1.67766,2,1.80018,1.8924,1.69969,1.71708,1.68393,1.67547,1.64173,1.70903,1.65984,1.66407,1.65771,1.68828,1.64281,1.72341,1.68692,1.7085,1.70095,1.7087,1.69097,1.70346,1.71138,1.75963,1.69119,1.68847,1.65714,1.74779,1.73417,1.7236,1.70765,1.66341,1.7262,1.67137,1.69763,1.72191,1.66815,1.68711,1.6719,1.72077,1.68978,1.7018,1.69112,1.74042,1.66455,1.69676,1.70123,1.71389,1.72044,1.65772,1.65424,1.76632,1.6601,1.68082,1.65603,1.6776,1.67037,1.66162,1.65454,1.75965,1.68591,1.768,1.68854,1.79249,1.65165,1.69167,1.70651,1.63975,1.64368,1.6031,1.65483,1.5383,1.66966,1.61917,1.61826,1.62248,1.62199,1.61984,1.65258,1.60949,1.63479,1.62091,1.6477,1.6053,1.71771,1.68621,1.68996,1.65018,1.67619,1.63424,1.62616,1.62037,1.67546,1.68999,1.71731
"A1273",1.7626,1.78363,1.75491,1.70955,1.64833,1.58437,1.71231,1.73315,1.71813,1.74083,1.7256,1.7421,1.68727,1.80018,2,1.82526,1.72281,1.78964,1.73356,1.72093,1.70366,1.80073,1.69416,1.69537,1.69095,1.69586,1.70538,1.71666,1.66877,1.68168,1.74648,1.74892,1.72454,1.71807,1.69316,1.74394,1.65969,1.66805,1.66617,1.77598,1.72806,1.74953,1.75761,1.68815,1.7519,1.68224,1.70251,1.73176,1.70487,1.69029,1.70342,1.73182,1.70354,1.74039,1.74601,1.73979,1.68674,1.6843,1.71556,1.73946,1.79359,1.68665,1.66636,1.78354,1.6757,1.67691,1.68089,1.67036,1.76307,1.68449,1.69512,1.7646,1.78114,1.81307,1.71498,1.80195,1.6258,1.71934,1.73827,1.74012,1.64824,1.58774,1.66479,1.57972,1.68847,1.66012,1.65928,1.66343,1.66338,1.66097,1.66923,1.64809,1.66757,1.66242,1.66629,1.6279,1.708,1.67211,1.70946,1.66628,1.66802,1.6303,1.64226,1.59376,1.69754,1.70371,1.72764
"A1274",1.75596,1.74543,1.82041,1.64546,1.63899,1.51954,1.67659,1.75194,1.68003,1.7226,1.69574,1.70756,1.66338,1.8924,1.82526,2,1.69011,1.71305,1.68532,1.67922,1.62987,1.68344,1.64247,1.64641,1.64499,1.65753,1.64977,1.68791,1.65711,1.71206,1.67679,1.67417,1.65703,1.70063,1.70814,1.77792,1.66182,1.6701,1.65471,1.72945,1.67783,1.75768,1.69598,1.68823,1.70176,1.62073,1.67333,1.68983,1.65693,1.65501,1.65428,1.67705,1.64905,1.6777,1.68253,1.70753,1.65171,1.68637,1.71262,1.71376,1.69757,1.63153,1.62826,1.75024,1.63358,1.65131,1.63646,1.65344,1.67256,1.65067,1.64802,1.75239,1.71142,1.7674,1.68998,1.80795,1.63027,1.67148,1.664,1.66475,1.63314,1.60189,1.65434,1.55974,1.68346,1.61126,1.61048,1.61439,1.61347,1.6116,1.65011,1.61382,1.61147,1.61282,1.64924,1.61617,1.71249,1.6967,1.66824,1.62592,1.67351,1.60207,1.62686,1.59067,1.67034,1.66074,1.68335
"A1275",1.66467,1.7216,1.65411,1.72904,1.64045,1.58656,1.67502,1.6776,1.70011,1.67819,1.73454,1.74191,1.69193,1.69969,1.72281,1.69011,2,1.83667,1.86148,1.62859,1.61591,1.63064,1.64691,1.65004,1.64603,1.6288,1.65262,1.67618,1.63101,1.60709,1.66123,1.67842,1.6613,1.78045,1.62356,1.64842,1.65956,1.63923,1.64725,1.76905,1.736,1.64731,1.69954,1.61128,1.77151,1.63252,1.64661,1.69904,1.64254,1.65179,1.70743,1.67727,1.63607,1.6593,1.66448,1.71918,1.63638,1.64462,1.66074,1.61902,1.75417,1.66845,1.62263,1.72733,1.60575,1.61638,1.6109,1.6596,1.62004,1.59707,1.58004,1.64897,1.62643,1.72405,1.65466,1.70892,1.62802,1.72182,1.70171,1.58957,1.60584,1.59491,1.60119,1.51197,1.61484,1.54099,1.53958,1.54325,1.54323,1.54079,1.61705,1.55438,1.57488,1.5434,1.63896,1.63504,1.59632,1.60958,1.64736,1.65146,1.64327,1.5978,1.61781,1.56449,1.66074,1.65997,1.64628
"A1276",1.67552,1.73402,1.65197,1.74647,1.61171,1.5603,1.67141,1.6802,1.70765,1.68781,1.70705,1.72234,1.66322,1.71708,1.78964,1.71305,1.83667,2,1.85082,1.64588,1.63617,1.64919,1.64234,1.64081,1.64217,1.61946,1.65632,1.6619,1.64785,1.61873,1.68908,1.72495,1.69246,1.78094,1.63619,1.65628,1.62637,1.63146,1.66059,1.79423,1.75043,1.6609,1.73879,1.61781,1.79199,1.6455,1.65972,1.71484,1.66035,1.66077,1.73651,1.70862,1.64424,1.70088,1.7373,1.72143,1.64878,1.656,1.66861,1.61442,1.78765,1.67727,1.64159,1.75608,1.62431,1.63369,1.65204,1.64908,1.6338,1.63413,1.62841,1.66172,1.63192,1.771,1.65726,1.71986,1.59514,1.73839,1.70823,1.58073,1.59125,1.56015,1.61507,1.52286,1.63094,1.56368,1.56264,1.56568,1.5655,1.56359,1.63196,1.56925,1.58768,1.56444,1.63496,1.62939,1.61183,1.5877,1.67019,1.6853,1.62855,1.59867,1.5997,1.57656,1.65421,1.70005,1.65039
"A1277",1.68461,1.7027,1.64712,1.70457,1.64591,1.56445,1.67768,1.65624,1.70176,1.68537,1.71425,1.72909,1.67599,1.68393,1.73356,1.68532,1.86148,1.85082,2,1.62784,1.61612,1.63771,1.64555,1.6475,1.64402,1.62648,1.6714,1.68016,1.63605,1.61451,1.65313,1.66439,1.6701,1.77212,1.62638,1.64153,1.62711,1.6205,1.65353,1.7513,1.73937,1.66513,1.68879,1.61346,1.76485,1.61926,1.65757,1.7086,1.64224,1.65445,1.70188,1.66335,1.63342,1.68237,1.66785,1.70446,1.65431,1.65992,1.66923,1.61614,1.7611,1.68356,1.63699,1.71126,1.60498,1.63376,1.6479,1.6524,1.61997,1.59822,1.59818,1.63783,1.6304,1.72397,1.64994,1.70672,1.60762,1.71579,1.7048,1.59873,1.59894,1.61293,1.61768,1.54687,1.66113,1.56562,1.56404,1.56816,1.56819,1.56592,1.63681,1.58615,1.56874,1.56722,1.63074,1.65989,1.598,1.59209,1.64791,1.62601,1.67047,1.56819,1.62894,1.55314,1.67297,1.6619,1.65118
"A1279",1.7054,1.7415,1.6418,1.64983,1.62795,1.55738,1.65773,1.69425,1.68552,1.67395,1.65619,1.6472,1.62664,1.67547,1.72093,1.67922,1.62859,1.64588,1.62784,2,1.62826,1.68845,1.67949,1.67413,1.67761,1.66699,1.6718,1.66392,1.58348,1.64465,1.67033,1.68265,1.67112,1.66774,1.62905,1.63307,1.6111,1.61812,1.61916,1.67653,1.65417,1.66037,1.66717,1.59267,1.68484,1.67348,1.63087,1.64876,1.62492,1.63424,1.63499,1.62206,1.62834,1.66686,1.66791,1.62745,1.61604,1.58881,1.60643,1.61924,1.70495,1.61409,1.61733,1.6529,1.58991,1.56188,1.60296,1.61426,1.70721,1.62513,1.6337,1.67644,1.71332,1.66727,1.67156,1.72015,1.57552,1.7011,1.64523,1.6544,1.62279,1.5728,1.63989,1.55746,1.62767,1.6323,1.63183,1.63489,1.63511,1.6327,1.63489,1.65231,1.60544,1.63347,1.66015,1.60721,1.60015,1.66157,1.66871,1.61258,1.62471,1.61364,1.62151,1.56621,1.63828,1.66272,1.68437
"A1302",1.64963,1.68815,1.56936,1.61672,1.60055,1.58006,1.63292,1.61317,1.64209,1.6114,1.65447,1.67317,1.62737,1.64173,1.70366,1.62987,1.61591,1.63617,1.61612,1.62826,2,1.7184,1.63632,1.63489,1.6368,1.82942,1.64896,1.66057,1.68085,1.59127,1.68559,1.64458,1.64966,1.65188,1.65276,1.59854,1.57896,1.59707,1.58568,1.69101,1.62646,1.55723,1.68911,1.56069,1.65998,1.65554,1.62693,1.61628,1.59624,1.62303,1.64759,1.60006,1.63561,1.6156,1.64813,1.66371,1.65091,1.56848,1.58449,1.56653,1.67225,1.64769,1.58164,1.65881,1.59977,1.61183,1.61995,1.6253,1.67863,1.65554,1.64885,1.6492,1.66583,1.65645,1.59636,1.64434,1.56495,1.72225,1.65576,1.61456,1.61399,1.5773,1.67384,1.54925,1.58033,1.61727,1.61521,1.61964,1.61914,1.61612,1.6136,1.60655,1.62307,1.61901,1.57957,1.56699,1.59859,1.59872,1.63606,1.57387,1.57848,1.57448,1.62408,1.55523,1.60682,1.58488,1.6196
"A1304",1.71041,1.70953,1.61105,1.63261,1.6196,1.59946,1.64877,1.6528,1.648,1.64983,1.68482,1.68128,1.63853,1.70903,1.80073,1.68344,1.63064,1.64919,1.63771,1.68845,1.7184,2,1.67956,1.6824,1.67619,1.73287,1.65963,1.68736,1.62295,1.62296,1.6963,1.66667,1.65498,1.62359,1.64007,1.62464,1.59434,1.60955,1.58154,1.6919,1.66296,1.59731,1.65593,1.57159,1.64257,1.68367,1.66276,1.65751,1.61312,1.66054,1.61158,1.64003,1.68089,1.66624,1.66344,1.65108,1.65152,1.6105,1.61633,1.66357,1.69954,1.65153,1.61063,1.66531,1.60053,1.62884,1.64418,1.62198,1.70013,1.62532,1.6623,1.68771,1.7182,1.68869,1.66419,1.71177,1.58202,1.69453,1.6918,1.66091,1.62252,1.56643,1.70227,1.55925,1.61321,1.65393,1.65256,1.6556,1.65526,1.65305,1.62158,1.6285,1.63193,1.65526,1.6173,1.61273,1.59358,1.63568,1.63679,1.58403,1.62813,1.58635,1.62199,1.54531,1.62147,1.61534,1.70902
"A1307",1.71979,1.66464,1.61302,1.68594,1.71409,1.5927,1.72972,1.68267,1.66787,1.71639,1.6857,1.73402,1.69666,1.65984,1.69416,1.64247,1.64691,1.64234,1.64555,1.67949,1.63632,1.67956,2,1.98368,1.9864,1.67154,1.91555,1.80484,1.65137,1.63984,1.66532,1.65112,1.64688,1.64374,1.61169,1.6356,1.63485,1.60029,1.61506,1.75593,1.70038,1.62972,1.65965,1.60246,1.71651,1.6964,1.67687,1.71677,1.65979,1.72092,1.65884,1.65828,1.72122,1.68945,1.66604,1.67492,1.65463,1.59072,1.57986,1.62913,1.69327,1.73032,1.63295,1.64651,1.62562,1.62581,1.63769,1.67211,1.62497,1.58897,1.56109,1.62184,1.6635,1.66401,1.68518,1.71918,1.59507,1.67472,1.67487,1.6062,1.71136,1.69218,1.6997,1.5348,1.66926,1.61409,1.61274,1.61622,1.615,1.61372,1.56079,1.5919,1.61436,1.6161,1.77425,1.67729,1.6204,1.62029,1.61254,1.61893,1.63296,1.59205,1.73845,1.60975,1.69917,1.66869,1.68941
"A1309",1.71895,1.66115,1.61394,1.68191,1.71418,1.59552,1.72887,1.68032,1.66464,1.7142,1.69006,1.73723,1.70006,1.66407,1.69537,1.64641,1.65004,1.64081,1.6475,1.67413,1.63489,1.6824,1.98368,2,1.97788,1.67456,1.90677,1.80627,1.64893,1.63794,1.66428,1.64664,1.64369,1.63973,1.60948,1.635,1.63357,1.59749,1.61083,1.75263,1.69366,1.62883,1.65424,1.6033,1.71213,1.70155,1.67445,1.71362,1.6571,1.71707,1.65594,1.65517,1.7167,1.68636,1.66328,1.67218,1.64988,1.59499,1.58434,1.6308,1.689,1.73282,1.63622,1.64461,1.62383,1.62317,1.63613,1.67536,1.62228,1.58673,1.5572,1.61818,1.66165,1.66328,1.68754,1.72508,1.59874,1.67134,1.67677,1.6062,1.71377,1.69443,1.70155,1.53727,1.66533,1.61265,1.61143,1.61457,1.61347,1.61236,1.55905,1.59058,1.61488,1.61492,1.77708,1.67623,1.61874,1.62247,1.61043,1.61398,1.63862,1.58883,1.73512,1.60794,1.69456,1.66524,1.68564
"A1310",1.71683,1.66158,1.61601,1.68813,1.71471,1.5895,1.72693,1.67816,1.66404,1.71241,1.68238,1.73193,1.69476,1.65771,1.69095,1.64499,1.64603,1.64217,1.64402,1.67761,1.6368,1.67619,1.9864,1.97788,2,1.66832,1.91532,1.80632,1.64763,1.63629,1.66226,1.64725,1.64502,1.64262,1.60954,1.63646,1.63132,1.59615,1.60989,1.7538,1.69803,1.62549,1.65582,1.59718,1.71273,1.6924,1.67239,1.71445,1.65614,1.71654,1.65721,1.65387,1.71636,1.68615,1.6627,1.67488,1.65145,1.58758,1.57669,1.62425,1.69073,1.72932,1.63163,1.64266,1.6234,1.62182,1.63405,1.66931,1.62026,1.58582,1.5577,1.61818,1.66022,1.65817,1.68356,1.71934,1.59167,1.67425,1.67377,1.6009,1.71531,1.69513,1.70249,1.53241,1.67073,1.61343,1.61221,1.61531,1.61442,1.61275,1.55644,1.59182,1.61385,1.6151,1.77019,1.67402,1.61566,1.61741,1.6093,1.61603,1.63046,1.58721,1.73437,1.60773,1.69676,1.6629,1.68527
"A1311",1.64285,1.7188,1.5982,1.62111,1.61562,1.60593,1.64858,1.62376,1.64728,1.62881,1.68727,1.68067,1.63448,1.68828,1.69586,1.65753,1.6288,1.61946,1.62648,1.66699,1.82942,1.73287,1.67154,1.67456,1.66832,2,1.67551,1.67893,1.63991,1.5769,1.69707,1.6521,1.65119,1.62923,1.62149,1.61715,1.59559,1.59855,1.57805,1.68905,1.62915,1.57704,1.67189,1.5329,1.6777,1.66917,1.63043,1.61769,1.59177,1.59497,1.603,1.62434,1.66114,1.6218,1.63922,1.63267,1.60832,1.56659,1.58365,1.58819,1.66212,1.65596,1.58084,1.65187,1.58791,1.6136,1.61657,1.61669,1.67903,1.63333,1.64209,1.67517,1.64627,1.66628,1.60872,1.6584,1.56057,1.72115,1.64033,1.58678,1.61276,1.58991,1.65798,1.52424,1.59281,1.62056,1.61894,1.62298,1.62241,1.61989,1.59006,1.59391,1.61634,1.62277,1.61485,1.55778,1.61128,1.60437,1.65606,1.58288,1.59095,1.56412,1.61224,1.53244,1.61912,1.61066,1.68192
"A1312",1.71659,1.6663,1.62744,1.68895,1.73919,1.58335,1.70308,1.68124,1.66019,1.70284,1.68425,1.73602,1.68381,1.64281,1.70538,1.64977,1.65262,1.65632,1.6714,1.6718,1.64896,1.65963,1.91555,1.90677,1.91532,1.67551,2,1.80599,1.6668,1.62587,1.66784,1.64046,1.63727,1.66223,1.59959,1.64853,1.62811,1.58023,1.60265,1.76062,1.69381,1.64792,1.66129,1.61432,1.725,1.69098,1.69222,1.6946,1.65783,1.71041,1.66107,1.6491,1.71703,1.68781,1.66124,1.68856,1.66076,1.61648,1.60215,1.63273,1.68951,1.74206,1.61339,1.66184,1.62797,1.64755,1.64026,1.67709,1.63763,1.59567,1.55097,1.6207,1.67778,1.66364,1.68397,1.73084,1.5932,1.68027,1.67506,1.62106,1.73285,1.71551,1.71494,1.54014,1.68317,1.61373,1.61253,1.61526,1.61455,1.61341,1.56397,1.59816,1.61266,1.61599,1.80162,1.66824,1.63858,1.59683,1.59695,1.60923,1.64586,1.57095,1.74626,1.58557,1.70334,1.67989,1.68358
"A1313",1.76845,1.69394,1.66401,1.72757,1.71524,1.57606,1.70414,1.70454,1.69426,1.71137,1.74836,1.76045,1.70758,1.72341,1.71666,1.68791,1.67618,1.6619,1.68016,1.66392,1.66057,1.68736,1.80484,1.80627,1.80632,1.67893,1.80599,2,1.71557,1.67474,1.69452,1.67895,1.68677,1.67375,1.62327,1.66062,1.6263,1.64311,1.65049,1.77077,1.74058,1.64115,1.69655,1.61504,1.74784,1.70647,1.67215,1.69102,1.63917,1.72181,1.71284,1.70595,1.72482,1.7036,1.65959,1.73867,1.65593,1.60533,1.60047,1.65277,1.73099,1.74689,1.62971,1.65718,1.65776,1.64026,1.64334,1.65724,1.61767,1.59949,1.58966,1.64426,1.64269,1.68091,1.65215,1.73352,1.60111,1.67988,1.69181,1.58885,1.7414,1.70145,1.72386,1.5435,1.71404,1.60711,1.60609,1.61071,1.61004,1.60796,1.57741,1.6106,1.58911,1.61008,1.70116,1.64709,1.64635,1.61896,1.64673,1.64079,1.66151,1.56661,1.71404,1.60358,1.70319,1.68026,1.70743
"A1314",1.68076,1.63688,1.59686,1.66841,1.61019,1.55464,1.69361,1.64102,1.62624,1.68634,1.71892,1.69564,1.64629,1.68692,1.66877,1.65711,1.63101,1.64785,1.63605,1.58348,1.68085,1.62295,1.65137,1.64893,1.64763,1.63991,1.6668,1.71557,2,1.59713,1.68081,1.65106,1.64071,1.65224,1.59803,1.62323,1.66917,1.61065,1.6183,1.73659,1.71544,1.57375,1.69024,1.61377,1.70963,1.67062,1.72366,1.69886,1.67517,1.66779,1.66088,1.68609,1.66236,1.69898,1.70306,1.69834,1.71388,1.68713,1.65714,1.59632,1.66884,1.67202,1.67952,1.66606,1.73158,1.71701,1.69866,1.67007,1.60252,1.71689,1.65222,1.61634,1.63904,1.66885,1.60617,1.67652,1.65476,1.64472,1.64199,1.56705,1.61841,1.57452,1.66072,1.5378,1.59738,1.57024,1.56845,1.57102,1.57084,1.57068,1.59174,1.55879,1.58435,1.57234,1.60126,1.57859,1.63941,1.55353,1.63107,1.61629,1.631,1.60684,1.64473,1.60202,1.64029,1.66957,1.71715
"A1316",1.74332,1.66094,1.67607,1.61472,1.58323,1.52127,1.66308,1.68963,1.69851,1.65527,1.62579,1.62358,1.61717,1.7085,1.68168,1.71206,1.60709,1.61873,1.61451,1.64465,1.59127,1.62296,1.63984,1.63794,1.63629,1.5769,1.62587,1.67474,1.59713,2,1.64987,1.6349,1.63308,1.61605,1.60988,1.66663,1.60628,1.68616,1.681,1.66097,1.63947,1.69707,1.64065,1.64452,1.65027,1.60988,1.61735,1.62734,1.6228,1.70811,1.70427,1.69105,1.60744,1.62996,1.61454,1.69416,1.61817,1.59959,1.61653,1.64655,1.64888,1.58725,1.60728,1.64279,1.65201,1.57419,1.57401,1.62065,1.59661,1.59391,1.57274,1.62793,1.63944,1.62034,1.64548,1.73885,1.58014,1.6316,1.65401,1.61699,1.58653,1.54688,1.65155,1.52372,1.63032,1.59053,1.58894,1.59311,1.5928,1.59138,1.60769,1.6093,1.58494,1.59237,1.62902,1.56862,1.65129,1.61824,1.61566,1.59189,1.62721,1.59263,1.62188,1.664,1.6197,1.60903,1.66105
"A1317",1.71268,1.70448,1.63881,1.74001,1.66187,1.61291,1.71236,1.66162,1.74051,1.74697,1.73734,1.69994,1.65334,1.70095,1.74648,1.67679,1.66123,1.68908,1.65313,1.67033,1.68559,1.6963,1.66532,1.66428,1.66226,1.69707,1.66784,1.69452,1.68081,1.64987,2,1.81873,1.8242,1.69867,1.63675,1.65134,1.64561,1.67354,1.65056,1.77464,1.70806,1.61597,1.74285,1.60306,1.7348,1.67474,1.67274,1.73361,1.67931,1.69262,1.69728,1.74278,1.67061,1.71717,1.67482,1.71681,1.64048,1.61499,1.63174,1.65774,1.75868,1.66937,1.65162,1.66998,1.66765,1.64526,1.66424,1.65192,1.65776,1.61149,1.6248,1.6985,1.69466,1.73111,1.71188,1.75491,1.6114,1.69396,1.69475,1.64687,1.64464,1.59343,1.63615,1.52217,1.63263,1.63999,1.6396,1.64306,1.64339,1.64068,1.65682,1.65378,1.64403,1.64204,1.63212,1.58119,1.62329,1.6055,1.70343,1.68923,1.67338,1.61559,1.65099,1.61573,1.69016,1.68655,1.7056
"A1318",1.70203,1.69062,1.63711,1.79359,1.62911,1.59914,1.69008,1.70121,1.81377,1.7286,1.70844,1.7323,1.68801,1.7087,1.74892,1.67417,1.67842,1.72495,1.66439,1.68265,1.64458,1.66667,1.65112,1.64664,1.64725,1.6521,1.64046,1.67895,1.65106,1.6349,1.81873,2,1.92141,1.78324,1.6675,1.64249,1.65119,1.67332,1.65426,1.84367,1.7281,1.6216,1.82322,1.60002,1.82669,1.6509,1.62787,1.73149,1.6737,1.67752,1.776,1.77293,1.68387,1.72147,1.71515,1.73608,1.65195,1.61547,1.63499,1.63921,1.84078,1.73781,1.66757,1.69773,1.63889,1.63472,1.66395,1.6432,1.69197,1.63217,1.67395,1.66216,1.65614,1.70856,1.68016,1.7385,1.6073,1.67091,1.67164,1.61341,1.6258,1.59177,1.60638,1.51763,1.66853,1.64179,1.64084,1.64392,1.64414,1.64226,1.62577,1.65581,1.62751,1.64294,1.64675,1.60773,1.61733,1.59733,1.74445,1.7652,1.70998,1.65426,1.62399,1.61752,1.66997,1.75714,1.68199
"A1319",1.70695,1.67168,1.61614,1.76819,1.61781,1.58078,1.69232,1.67566,1.79317,1.72498,1.67311,1.71556,1.6695,1.69097,1.72454,1.65703,1.6613,1.69246,1.6701,1.67112,1.64966,1.65498,1.64688,1.64369,1.64502,1.65119,1.63727,1.68677,1.64071,1.63308,1.8242,1.92141,2,1.75447,1.65986,1.61337,1.63908,1.65559,1.65292,1.79851,1.74209,1.6092,1.78214,1.58055,1.79086,1.64095,1.63248,1.73336,1.67268,1.68204,1.74634,1.74251,1.68933,1.72403,1.70291,1.69401,1.67384,1.6082,1.63118,1.62704,1.81758,1.72734,1.68151,1.68635,1.63644,1.64682,1.67194,1.63227,1.68491,1.62485,1.64406,1.65352,1.65982,1.70871,1.68507,1.72918,1.59355,1.67705,1.67118,1.60458,1.60825,1.59528,1.6185,1.5406,1.68292,1.65355,1.65277,1.65605,1.65617,1.65385,1.62519,1.65742,1.64575,1.65499,1.64198,1.62944,1.61127,1.59417,1.73714,1.71301,1.70892,1.65126,1.61634,1.60706,1.66899,1.74697,1.68097
"A1320",1.68652,1.70113,1.64395,1.80404,1.65323,1.53248,1.66933,1.70142,1.7726,1.72113,1.71195,1.75759,1.71058,1.70346,1.71807,1.70063,1.78045,1.78094,1.77212,1.66774,1.65188,1.62359,1.64374,1.63973,1.64262,1.62923,1.66223,1.67375,1.65224,1.61605,1.69867,1.78324,1.75447,2,1.68007,1.65609,1.69394,1.62074,1.61832,1.83602,1.75669,1.62268,1.76353,1.56855,1.81825,1.59759,1.63703,1.73162,1.6581,1.64452,1.76918,1.70497,1.63229,1.70648,1.69046,1.72471,1.62681,1.64476,1.63871,1.58166,1.81675,1.69906,1.61399,1.73304,1.56291,1.60787,1.60109,1.64602,1.63159,1.65591,1.65006,1.6421,1.63324,1.71155,1.65162,1.71274,1.63421,1.70523,1.67535,1.56993,1.62096,1.60486,1.59859,1.51668,1.62124,1.56946,1.56859,1.57252,1.57229,1.56991,1.627,1.61463,1.56776,1.57068,1.60792,1.62062,1.59235,1.62669,1.68866,1.73976,1.65744,1.60482,1.63056,1.54861,1.67455,1.7186,1.61237
"A1321",1.69661,1.64342,1.65402,1.64153,1.62184,1.6097,1.67577,1.66408,1.69239,1.65664,1.62355,1.65652,1.68727,1.71138,1.69316,1.70814,1.62356,1.63619,1.62638,1.62905,1.65276,1.64007,1.61169,1.60948,1.60954,1.62149,1.59959,1.62327,1.59803,1.60988,1.63675,1.6675,1.65986,1.68007,2,1.66562,1.65212,1.67565,1.67815,1.69102,1.66227,1.65487,1.65191,1.59015,1.66585,1.65894,1.65927,1.67181,1.67162,1.60646,1.62568,1.6539,1.61374,1.64913,1.62338,1.63577,1.60961,1.66419,1.67657,1.62435,1.70052,1.61758,1.64218,1.66425,1.59073,1.62124,1.6473,1.67082,1.6451,1.66924,1.69128,1.69653,1.66179,1.66324,1.62405,1.67248,1.69274,1.64944,1.65575,1.60717,1.60482,1.58351,1.56222,1.49868,1.6202,1.59779,1.59769,1.60132,1.60112,1.59926,1.64035,1.61862,1.6047,1.59986,1.56584,1.56066,1.59292,1.66129,1.61694,1.64684,1.63293,1.61535,1.62296,1.5798,1.6107,1.62426,1.62203
"B1005",1.71964,1.68136,1.84425,1.62261,1.63955,1.55038,1.66169,1.76866,1.66389,1.71713,1.67478,1.67084,1.66052,1.75963,1.74394,1.77792,1.64842,1.65628,1.64153,1.63307,1.59854,1.62464,1.6356,1.635,1.63646,1.61715,1.64853,1.66062,1.62323,1.66663,1.65134,1.64249,1.61337,1.65609,1.66562,2,1.7034,1.6495,1.64329,1.71993,1.6693,1.76519,1.67873,1.65045,1.67519,1.66585,1.7009,1.69085,1.65488,1.66364,1.65413,1.65356,1.63119,1.67722,1.63803,1.68984,1.62099,1.68824,1.7027,1.72039,1.67215,1.60663,1.63055,1.7017,1.6216,1.63588,1.61945,1.66122,1.63752,1.6235,1.63295,1.71498,1.64265,1.72515,1.67719,1.78497,1.61983,1.62738,1.66727,1.61465,1.64975,1.6054,1.62367,1.49504,1.63673,1.58094,1.57978,1.58387,1.5827,1.58051,1.59204,1.5906,1.56069,1.58101,1.63826,1.59884,1.68376,1.6911,1.64902,1.64869,1.64997,1.58671,1.63964,1.58387,1.66042,1.65084,1.64133
"B1007",1.66089,1.61976,1.63927,1.67829,1.61295,1.55609,1.70684,1.64476,1.65775,1.75033,1.64898,1.65276,1.62003,1.69119,1.65969,1.66182,1.65956,1.62637,1.62711,1.6111,1.57896,1.59434,1.63485,1.63357,1.63132,1.59559,1.62811,1.6263,1.66917,1.60628,1.64561,1.65119,1.63908,1.69394,1.65212,1.7034,2,1.66452,1.61749,1.7,1.68018,1.60424,1.65801,1.59678,1.66328,1.61129,1.75919,1.686,1.69756,1.66394,1.60147,1.67047,1.67671,1.66933,1.66654,1.63418,1.6618,1.71548,1.71104,1.61178,1.65073,1.61671,1.67517,1.66177,1.64413,1.74724,1.66506,1.70376,1.63095,1.69983,1.63539,1.62824,1.62046,1.67626,1.67393,1.72717,1.75269,1.645,1.6461,1.54848,1.6065,1.5924,1.5751,1.52676,1.62863,1.61927,1.61889,1.62129,1.62137,1.62094,1.59747,1.61125,1.64181,1.6211,1.6041,1.59469,1.60346,1.64492,1.64374,1.63559,1.67014,1.62168,1.65201,1.58326,1.66326,1.71263,1.68826
"B1008",1.71948,1.61936,1.6494,1.62746,1.57459,1.62317,1.66641,1.63109,1.72608,1.70553,1.65809,1.6254,1.6069,1.68847,1.66805,1.6701,1.63923,1.63146,1.6205,1.61812,1.59707,1.60955,1.60029,1.59749,1.59615,1.59855,1.58023,1.64311,1.61065,1.68616,1.67354,1.67332,1.65559,1.62074,1.67565,1.6495,1.66452,2,1.84169,1.66489,1.60782,1.63247,1.68911,1.65969,1.64971,1.62645,1.67165,1.64401,1.67682,1.6894,1.63314,1.69323,1.64747,1.61802,1.64957,1.69313,1.63103,1.64257,1.66452,1.62946,1.65124,1.62692,1.67099,1.62084,1.64812,1.66457,1.62532,1.66628,1.64858,1.61978,1.61926,1.62122,1.63374,1.63845,1.63183,1.69792,1.67924,1.64986,1.66567,1.58903,1.57068,1.54262,1.57606,1.47922,1.62315,1.59451,1.59363,1.59707,1.59672,1.59536,1.59322,1.6269,1.6263,1.59629,1.62737,1.57379,1.61492,1.59182,1.65819,1.60969,1.66385,1.63497,1.5898,1.6407,1.61585,1.67448,1.66889
"B1009",1.73046,1.63051,1.64385,1.61672,1.60272,1.58891,1.61416,1.63927,1.69943,1.66308,1.64928,1.62732,1.65372,1.65714,1.66617,1.65471,1.64725,1.66059,1.65353,1.61916,1.58568,1.58154,1.61506,1.61083,1.60989,1.57805,1.60265,1.65049,1.6183,1.681,1.65056,1.65426,1.65292,1.61832,1.67815,1.64329,1.61749,1.84169,2,1.6654,1.62654,1.68512,1.66118,1.60108,1.67258,1.66916,1.65328,1.66134,1.61222,1.70209,1.64824,1.64074,1.63384,1.59884,1.61831,1.69727,1.6555,1.64624,1.65628,1.60434,1.65652,1.65173,1.64825,1.63376,1.62602,1.62139,1.62697,1.64276,1.61258,1.59194,1.65018,1.62583,1.62242,1.60568,1.61528,1.66585,1.61402,1.64532,1.66292,1.57977,1.58391,1.57779,1.55951,1.51858,1.62877,1.60067,1.60004,1.60334,1.60399,1.60152,1.59521,1.64308,1.59338,1.60362,1.6389,1.58283,1.60063,1.62513,1.64417,1.64551,1.64358,1.62887,1.63884,1.7014,1.64331,1.66152,1.64407
"B1010",1.74779,1.7503,1.70102,1.85425,1.73024,1.59096,1.73284,1.75214,1.82535,1.82037,1.81624,1.87075,1.80461,1.74779,1.77598,1.72945,1.76905,1.79423,1.7513,1.67653,1.69101,1.6919,1.75593,1.75263,1.7538,1.68905,1.76062,1.77077,1.73659,1.66097,1.77464,1.84367,1.79851,1.83602,1.69102,1.71993,1.7,1.66489,1.6654,2,1.78808,1.67129,1.83676,1.65411,1.90429,1.68688,1.68629,1.85276,1.7503,1.72161,1.85449,1.82135,1.73147,1.76844,1.75273,1.84,1.68971,1.64793,1.6478,1.67194,1.87079,1.82925,1.67584,1.7661,1.6617,1.65738,1.69407,1.70198,1.67883,1.65209,1.62579,1.6954,1.69469,1.77297,1.71572,1.79775,1.63294,1.75146,1.75233,1.64774,1.71933,1.6971,1.70869,1.56406,1.66858,1.61971,1.61804,1.62186,1.62188,1.61984,1.62561,1.60059,1.62716,1.62161,1.67516,1.68764,1.68604,1.64148,1.7363,1.80017,1.74865,1.62299,1.70584,1.62507,1.7702,1.77679,1.69325
"B1011",1.71511,1.71631,1.64287,1.79518,1.64776,1.54872,1.70969,1.68386,1.7407,1.72257,1.70463,1.71745,1.66629,1.73417,1.72806,1.67783,1.736,1.75043,1.73937,1.65417,1.62646,1.66296,1.70038,1.69366,1.69803,1.62915,1.69381,1.74058,1.71544,1.63947,1.70806,1.7281,1.74209,1.75669,1.66227,1.6693,1.68018,1.60782,1.62654,1.78808,2,1.61811,1.76034,1.59425,1.78401,1.6308,1.70883,1.7623,1.68566,1.69497,1.75592,1.71227,1.67017,1.82162,1.71446,1.72376,1.67742,1.65047,1.66257,1.62497,1.7914,1.71351,1.64651,1.73993,1.65596,1.70352,1.68389,1.67695,1.65506,1.67048,1.66221,1.6568,1.66755,1.77035,1.66499,1.71556,1.6419,1.68913,1.72963,1.60265,1.6412,1.59081,1.65648,1.52964,1.67536,1.60566,1.60411,1.60797,1.60786,1.60597,1.61287,1.5911,1.61973,1.60694,1.6183,1.63902,1.65146,1.61311,1.72723,1.69288,1.67804,1.66166,1.61963,1.60717,1.71077,1.71691,1.71853
"B1012",1.74306,1.70454,1.81774,1.58775,1.62144,1.5465,1.62535,1.80754,1.6617,1.67513,1.66472,1.66248,1.68767,1.7236,1.74953,1.75768,1.64731,1.6609,1.66513,1.66037,1.55723,1.59731,1.62972,1.62883,1.62549,1.57704,1.64792,1.64115,1.57375,1.69707,1.61597,1.6216,1.6092,1.62268,1.65487,1.76519,1.60424,1.63247,1.68512,1.67129,1.61811,2,1.62783,1.68543,1.65064,1.65884,1.65064,1.64264,1.60635,1.6547,1.63997,1.63577,1.62736,1.6504,1.6308,1.65636,1.60026,1.67782,1.70338,1.68055,1.66785,1.58221,1.6012,1.69943,1.58095,1.57775,1.64264,1.63475,1.59125,1.5755,1.58726,1.67778,1.64562,1.70044,1.6403,1.75872,1.57657,1.61869,1.63404,1.61782,1.61716,1.59341,1.59254,1.48828,1.64021,1.5573,1.55581,1.55931,1.55971,1.55723,1.57708,1.58122,1.55855,1.5585,1.64679,1.59625,1.71368,1.67742,1.57741,1.63773,1.63387,1.59695,1.6729,1.61161,1.63458,1.63068,1.61748
"B1019",1.70896,1.69143,1.65536,1.77362,1.64373,1.57946,1.68304,1.68357,1.80344,1.75714,1.72574,1.72594,1.66432,1.70765,1.75761,1.69598,1.69954,1.73879,1.68879,1.66717,1.68911,1.65593,1.65965,1.65424,1.65582,1.67189,1.66129,1.69655,1.69024,1.64065,1.74285,1.82322,1.78214,1.76353,1.65191,1.67873,1.65801,1.68911,1.66118,1.83676,1.76034,1.62783,2,1.62366,1.82104,1.62502,1.64226,1.7216,1.69888,1.69053,1.84223,1.75629,1.67982,1.72557,1.72855,1.78257,1.67432,1.61477,1.65011,1.62312,1.79864,1.72,1.62656,1.71012,1.64336,1.64962,1.64932,1.64874,1.68624,1.63719,1.66739,1.67172,1.66083,1.77261,1.65366,1.71749,1.60957,1.68166,1.68531,1.62405,1.61978,1.56914,1.63651,1.5177,1.65072,1.6096,1.60917,1.61229,1.61224,1.61078,1.61079,1.61275,1.61957,1.61121,1.62475,1.61763,1.67156,1.60016,1.75865,1.75666,1.69772,1.66167,1.59984,1.6165,1.70266,1.76052,1.66901
"B1053",1.68053,1.63479,1.70548,1.56517,1.54458,1.5681,1.67464,1.6498,1.62468,1.6704,1.64105,1.64037,1.60762,1.66341,1.68815,1.68823,1.61128,1.61781,1.61346,1.59267,1.56069,1.57159,1.60246,1.6033,1.59718,1.5329,1.61432,1.61504,1.61377,1.64452,1.60306,1.60002,1.58055,1.56855,1.59015,1.65045,1.59678,1.65969,1.60108,1.65411,1.59425,1.68543,1.62366,2,1.63041,1.59108,1.64031,1.626,1.65582,1.65788,1.60933,1.66151,1.57342,1.61584,1.6332,1.64745,1.61565,1.63253,1.66,1.71515,1.63023,1.55169,1.61725,1.64947,1.60111,1.59554,1.61508,1.6443,1.58716,1.5613,1.50922,1.60839,1.66603,1.66803,1.63609,1.75249,1.62113,1.61449,1.63778,1.73504,1.56713,1.52546,1.57747,1.56744,1.60871,1.54256,1.54112,1.54368,1.5427,1.54329,1.60095,1.54459,1.55416,1.54362,1.59937,1.63007,1.70279,1.55621,1.56455,1.55836,1.6149,1.57584,1.57123,1.53959,1.60912,1.6189,1.61878
"B1055",1.71004,1.73794,1.67957,1.82647,1.68133,1.58433,1.7377,1.72231,1.79506,1.75944,1.75812,1.80781,1.74853,1.7262,1.7519,1.70176,1.77151,1.79199,1.76485,1.68484,1.65998,1.64257,1.71651,1.71213,1.71273,1.6777,1.725,1.74784,1.70963,1.65027,1.7348,1.82669,1.79086,1.81825,1.66585,1.67519,1.66328,1.64971,1.67258,1.90429,1.78401,1.65064,1.82104,1.63041,2,1.65872,1.65611,1.79099,1.71753,1.69567,1.82243,1.8175,1.66548,1.74503,1.74015,1.80341,1.65154,1.62382,1.62717,1.64379,1.8715,1.78727,1.63448,1.74842,1.65437,1.63092,1.64947,1.66179,1.65458,1.64623,1.6157,1.70765,1.67553,1.74239,1.68905,1.75522,1.61399,1.72839,1.71548,1.63679,1.63477,1.64007,1.63961,1.54845,1.6568,1.61842,1.61728,1.62095,1.62124,1.61912,1.65234,1.62245,1.60809,1.62116,1.65785,1.64773,1.64478,1.61729,1.70793,1.76033,1.70564,1.62595,1.6818,1.61017,1.77019,1.76978,1.68395
"B1057",1.71609,1.62406,1.64096,1.62653,1.69796,1.71395,1.6745,1.69978,1.6589,1.66188,1.67623,1.67128,1.71424,1.67137,1.68224,1.62073,1.63252,1.6455,1.61926,1.67348,1.65554,1.68367,1.6964,1.70155,1.6924,1.66917,1.69098,1.70647,1.67062,1.60988,1.67474,1.6509,1.64095,1.59759,1.65894,1.66585,1.61129,1.62645,1.66916,1.68688,1.6308,1.65884,1.62502,1.59108,1.65872,2,1.76305,1.64968,1.66789,1.62373,1.59543,1.63644,1.6832,1.69964,1.71078,1.63232,1.67345,1.64685,1.65314,1.6325,1.67559,1.67729,1.68477,1.62288,1.67653,1.64063,1.70271,1.62977,1.61253,1.65159,1.68985,1.63514,1.63599,1.63403,1.66107,1.6914,1.59595,1.66012,1.66108,1.57448,1.69037,1.62671,1.63794,1.52415,1.57996,1.57972,1.57877,1.58199,1.58111,1.5797,1.57299,1.60731,1.57322,1.58256,1.67206,1.55218,1.61928,1.61927,1.62468,1.62477,1.61769,1.69262,1.70785,1.6432,1.63102,1.67928,1.6848
"B1058",1.70645,1.63553,1.65192,1.63876,1.66235,1.62301,1.68725,1.68311,1.65892,1.76546,1.65071,1.67903,1.67279,1.69763,1.70251,1.67333,1.64661,1.65972,1.65757,1.63087,1.62693,1.66276,1.67687,1.67445,1.67239,1.63043,1.69222,1.67215,1.72366,1.61735,1.67274,1.62787,1.63248,1.63703,1.65927,1.7009,1.75919,1.67165,1.65328,1.68629,1.70883,1.65064,1.64226,1.64031,1.65611,1.76305,2,1.70236,1.7025,1.67285,1.59533,1.65392,1.74187,1.71267,1.73054,1.66184,1.7108,1.74392,1.7198,1.63984,1.66445,1.6522,1.69502,1.66528,1.75688,1.90328,1.73861,1.69384,1.67574,1.71808,1.67793,1.646,1.67718,1.70785,1.67086,1.72359,1.69721,1.65107,1.63624,1.5725,1.68222,1.6229,1.66836,1.51947,1.65035,1.60158,1.60058,1.60374,1.60348,1.60127,1.5792,1.59483,1.60748,1.60274,1.62788,1.60362,1.63538,1.65488,1.62628,1.60333,1.62881,1.68182,1.71384,1.61193,1.65111,1.72572,1.74075
"B1060",1.71006,1.70794,1.66322,1.76321,1.67848,1.55612,1.72523,1.69002,1.74824,1.8104,1.72502,1.75669,1.69186,1.72191,1.73176,1.68983,1.69904,1.71484,1.7086,1.64876,1.61628,1.65751,1.71677,1.71362,1.71445,1.61769,1.6946,1.69102,1.69886,1.62734,1.73361,1.73149,1.73336,1.73162,1.67181,1.69085,1.686,1.64401,1.66134,1.85276,1.7623,1.64264,1.7216,1.626,1.79099,1.64968,1.70236,2,1.81814,1.72591,1.75261,1.74373,1.70124,1.78213,1.72969,1.76161,1.72312,1.65362,1.63875,1.67508,1.79813,1.73432,1.74858,1.75121,1.67401,1.67993,1.70678,1.70418,1.64973,1.69485,1.59589,1.67608,1.69403,1.75143,1.73413,1.78544,1.63043,1.69854,1.74589,1.64189,1.64334,1.6141,1.65477,1.58471,1.66652,1.61704,1.61584,1.61962,1.6196,1.61681,1.62407,1.60354,1.62251,1.61887,1.64991,1.67738,1.68139,1.63784,1.68256,1.70677,1.72136,1.60519,1.65511,1.60605,1.7682,1.75194,1.69541
"B1061",1.65073,1.65473,1.62556,1.68504,1.64094,1.59902,1.71775,1.65053,1.70729,1.75,1.66376,1.67885,1.63045,1.66815,1.70487,1.65693,1.64254,1.66035,1.64224,1.62492,1.59624,1.61312,1.65979,1.6571,1.65614,1.59177,1.65783,1.63917,1.67517,1.6228,1.67931,1.6737,1.67268,1.6581,1.67162,1.65488,1.69756,1.67682,1.61222,1.7503,1.68566,1.60635,1.69888,1.65582,1.71753,1.66789,1.7025,1.81814,2,1.66284,1.68092,1.74642,1.66705,1.74534,1.74867,1.68166,1.70598,1.67873,1.66902,1.65037,1.72831,1.67027,1.74882,1.71157,1.63852,1.68074,1.69941,1.7042,1.66129,1.70536,1.64392,1.6424,1.6769,1.69723,1.70418,1.75449,1.66979,1.67007,1.69961,1.61981,1.61655,1.58325,1.62306,1.56304,1.61175,1.62071,1.61958,1.6223,1.62233,1.6212,1.59709,1.6073,1.62345,1.62271,1.63189,1.64716,1.65277,1.58689,1.66323,1.65274,1.69019,1.62567,1.62449,1.57788,1.73076,1.71759,1.68045
"B1062",1.76541,1.65435,1.64003,1.65777,1.63723,1.54449,1.70707,1.66018,1.67434,1.72391,1.65511,1.67115,1.62541,1.68711,1.69029,1.65501,1.65179,1.66077,1.65445,1.63424,1.62303,1.66054,1.72092,1.71707,1.71654,1.59497,1.71041,1.72181,1.66779,1.70811,1.69262,1.67752,1.68204,1.64452,1.60646,1.66364,1.66394,1.6894,1.70209,1.72161,1.69497,1.6547,1.69053,1.65788,1.69567,1.62373,1.67285,1.72591,1.66284,2,1.73364,1.71825,1.67513,1.6859,1.6609,1.76434,1.71903,1.65688,1.64699,1.6589,1.69308,1.68346,1.69449,1.66306,1.65905,1.65349,1.64003,1.71176,1.60938,1.63048,1.57598,1.61208,1.65032,1.65556,1.6816,1.73778,1.63718,1.68849,1.69717,1.63451,1.6445,1.5929,1.70238,1.57337,1.70642,1.64479,1.64334,1.64699,1.64689,1.64511,1.61442,1.63068,1.65592,1.64719,1.66817,1.66735,1.67157,1.63899,1.62655,1.61933,1.68311,1.60171,1.6659,1.69994,1.6892,1.67875,1.69063
"B1075",1.72085,1.69458,1.63288,1.76408,1.63797,1.52179,1.65061,1.67992,1.75274,1.72198,1.6947,1.74789,1.68722,1.6719,1.70342,1.65428,1.70743,1.73651,1.70188,1.63499,1.64759,1.61158,1.65884,1.65594,1.65721,1.603,1.66107,1.71284,1.66088,1.70427,1.69728,1.776,1.74634,1.76918,1.62568,1.65413,1.60147,1.63314,1.64824,1.85449,1.75592,1.63997,1.84223,1.60933,1.82243,1.59543,1.59533,1.75261,1.68092,1.73364,2,1.7784,1.63115,1.70685,1.67952,1.80379,1.65019,1.5705,1.58971,1.6003,1.79773,1.72129,1.5947,1.69766,1.66788,1.58061,1.60224,1.62951,1.62334,1.57089,1.56309,1.60725,1.62121,1.72009,1.63452,1.71751,1.56315,1.66994,1.69539,1.60619,1.62299,1.59352,1.67347,1.53635,1.61477,1.5668,1.56606,1.56912,1.56922,1.56756,1.57972,1.56705,1.56841,1.56815,1.59876,1.64305,1.62837,1.56485,1.6875,1.73208,1.68407,1.61164,1.61235,1.61963,1.71106,1.69911,1.64146
"B1102",1.71322,1.67443,1.65817,1.75043,1.59712,1.58308,1.73806,1.66942,1.75088,1.76731,1.71999,1.73232,1.6677,1.72077,1.73182,1.67705,1.67727,1.70862,1.66335,1.62206,1.60006,1.64003,1.65828,1.65517,1.65387,1.62434,1.6491,1.70595,1.68609,1.69105,1.74278,1.77293,1.74251,1.70497,1.6539,1.65356,1.67047,1.69323,1.64074,1.82135,1.71227,1.63577,1.75629,1.66151,1.8175,1.63644,1.65392,1.74373,1.74642,1.71825,1.7784,2,1.64327,1.7054,1.70744,1.77446,1.63751,1.65226,1.67289,1.64075,1.79059,1.69473,1.6458,1.68144,1.69674,1.63981,1.65428,1.65958,1.61173,1.6341,1.5956,1.66172,1.65329,1.69933,1.67035,1.75703,1.62634,1.66935,1.67725,1.60522,1.60291,1.57415,1.62334,1.50836,1.64405,1.59544,1.59395,1.59781,1.59818,1.59583,1.61933,1.5969,1.61542,1.59727,1.60162,1.58415,1.63335,1.58813,1.66294,1.70811,1.68155,1.63252,1.62611,1.64719,1.69439,1.72165,1.69018
"B1103",1.71868,1.65586,1.60997,1.64763,1.66324,1.59117,1.6474,1.67338,1.68131,1.71772,1.70693,1.71676,1.67133,1.68978,1.70354,1.64905,1.63607,1.64424,1.63342,1.62834,1.63561,1.68089,1.72122,1.7167,1.71636,1.66114,1.71703,1.72482,1.66236,1.60744,1.67061,1.68387,1.68933,1.63229,1.61374,1.63119,1.67671,1.64747,1.63384,1.73147,1.67017,1.62736,1.67982,1.57342,1.66548,1.6832,1.74187,1.70124,1.66705,1.67513,1.63115,1.64327,2,1.65912,1.68235,1.66831,1.73198,1.67041,1.66748,1.64142,1.69482,1.69211,1.68538,1.69019,1.6472,1.73831,1.71473,1.66879,1.64974,1.62593,1.6301,1.59362,1.64659,1.68044,1.675,1.70065,1.62778,1.65298,1.63753,1.57854,1.69834,1.6408,1.69293,1.53281,1.65708,1.61323,1.61181,1.61596,1.61575,1.61285,1.54762,1.59218,1.6057,1.61491,1.67883,1.63356,1.62911,1.63253,1.65135,1.61779,1.67042,1.61713,1.69942,1.59518,1.6559,1.70851,1.69231
"B1104",1.71151,1.68954,1.66212,1.74986,1.68219,1.57622,1.72922,1.71786,1.74352,1.75807,1.69283,1.70231,1.6499,1.7018,1.74039,1.6777,1.6593,1.70088,1.68237,1.66686,1.6156,1.66624,1.68945,1.68636,1.68615,1.6218,1.68781,1.7036,1.69898,1.62996,1.71717,1.72147,1.72403,1.70648,1.64913,1.67722,1.66933,1.61802,1.59884,1.76844,1.82162,1.6504,1.72557,1.61584,1.74503,1.69964,1.71267,1.78213,1.74534,1.6859,1.70685,1.7054,1.65912,2,1.8303,1.70132,1.67711,1.62673,1.63179,1.67936,1.77029,1.66133,1.71838,1.72027,1.65344,1.65183,1.72635,1.65842,1.6612,1.69443,1.62171,1.63568,1.69203,1.75114,1.69724,1.75538,1.63569,1.68795,1.69344,1.62068,1.65942,1.58477,1.67053,1.54187,1.65635,1.61599,1.61485,1.61825,1.61793,1.61634,1.58801,1.58101,1.61537,1.61787,1.62048,1.62388,1.67931,1.59818,1.67168,1.68207,1.67962,1.64783,1.64107,1.5776,1.71149,1.73941,1.68403
"B1105",1.68464,1.6752,1.61851,1.72115,1.62428,1.57562,1.71623,1.68419,1.70766,1.73515,1.66564,1.6873,1.63744,1.69112,1.74601,1.68253,1.66448,1.7373,1.66785,1.66791,1.64813,1.66344,1.66604,1.66328,1.6627,1.63922,1.66124,1.65959,1.70306,1.61454,1.67482,1.71515,1.70291,1.69046,1.62338,1.63803,1.66654,1.64957,1.61831,1.75273,1.71446,1.6308,1.72855,1.6332,1.74015,1.71078,1.73054,1.72969,1.74867,1.6609,1.67952,1.70744,1.68235,1.8303,2,1.68448,1.72495,1.66749,1.66404,1.63238,1.77474,1.66859,1.75115,1.69858,1.65318,1.68058,1.74279,1.68725,1.67874,1.75126,1.65775,1.65121,1.68538,1.75253,1.67448,1.73151,1.65435,1.67133,1.68203,1.61629,1.63007,1.57741,1.64322,1.54046,1.63879,1.60675,1.60616,1.60996,1.61004,1.60799,1.58762,1.58634,1.61404,1.60916,1.62782,1.61487,1.63612,1.59885,1.66121,1.66596,1.67779,1.64687,1.62292,1.56601,1.68201,1.73477,1.69307
"B1106",1.74732,1.68585,1.67146,1.75608,1.66197,1.53494,1.68835,1.70824,1.76375,1.74783,1.73239,1.73815,1.67935,1.74042,1.73979,1.70753,1.71918,1.72143,1.70446,1.62745,1.66371,1.65108,1.67492,1.67218,1.67488,1.63267,1.68856,1.73867,1.69834,1.69416,1.71681,1.73608,1.69401,1.72471,1.63577,1.68984,1.63418,1.69313,1.69727,1.84,1.72376,1.65636,1.78257,1.64745,1.80341,1.63232,1.66184,1.76161,1.68166,1.76434,1.80379,1.77446,1.66831,1.70132,1.68448,2,1.69066,1.62287,1.62156,1.65651,1.77114,1.70138,1.62926,1.68663,1.66391,1.62738,1.61628,1.66095,1.63347,1.62227,1.58795,1.67518,1.65147,1.70499,1.65888,1.76425,1.61182,1.70464,1.70417,1.63785,1.63649,1.58103,1.69534,1.56305,1.65331,1.57634,1.57497,1.57892,1.57875,1.57623,1.61598,1.56889,1.57601,1.57766,1.63218,1.61518,1.7112,1.61982,1.65122,1.70579,1.69362,1.62443,1.66188,1.68994,1.71658,1.69939,1.68436
"B1107",1.67644,1.6416,1.58282,1.63123,1.59905,1.566,1.67224,1.61759,1.64878,1.70402,1.63325,1.65764,1.61055,1.66455,1.68674,1.65171,1.63638,1.64878,1.65431,1.61604,1.65091,1.65152,1.65463,1.64988,1.65145,1.60832,1.66076,1.65593,1.71388,1.61817,1.64048,1.65195,1.67384,1.62681,1.60961,1.62099,1.6618,1.63103,1.6555,1.68971,1.67742,1.60026,1.67432,1.61565,1.65154,1.67345,1.7108,1.72312,1.70598,1.71903,1.65019,1.63751,1.73198,1.67711,1.72495,1.69066,2,1.73104,1.69639,1.65551,1.69006,1.6702,1.74212,1.66399,1.66171,1.69465,1.70377,1.72359,1.64079,1.7369,1.64659,1.61988,1.6546,1.65885,1.66729,1.7099,1.66199,1.66508,1.68348,1.64317,1.60339,1.58954,1.66036,1.71862,1.67893,1.69536,1.69455,1.69611,1.69608,1.69652,1.60686,1.65682,1.6699,1.69843,1.65246,1.67126,1.67765,1.6157,1.63788,1.58602,1.69345,1.66732,1.64716,1.67534,1.70891,1.69203,1.71111
"B1110",1.65985,1.60069,1.6714,1.58788,1.58071,1.56755,1.67751,1.68426,1.62516,1.6876,1.66401,1.66186,1.65043,1.69676,1.6843,1.68637,1.64462,1.656,1.65992,1.58881,1.56848,1.6105,1.59072,1.59499,1.58758,1.56659,1.61648,1.60533,1.68713,1.59959,1.61499,1.61547,1.6082,1.64476,1.66419,1.68824,1.71548,1.64257,1.64624,1.64793,1.65047,1.67782,1.61477,1.63253,1.62382,1.64685,1.74392,1.65362,1.67873,1.65688,1.5705,1.65226,1.67041,1.62673,1.66749,1.62287,1.73104,2,1.92352,1.63852,1.63716,1.5865,1.69298,1.67778,1.64815,1.72476,1.68009,1.74648,1.59612,1.71738,1.66023,1.61753,1.61369,1.65608,1.64744,1.70169,1.73378,1.60399,1.63791,1.56654,1.56648,1.56239,1.57274,1.53108,1.62108,1.5824,1.58091,1.584,1.58406,1.58197,1.61079,1.61079,1.57247,1.58362,1.6022,1.62641,1.60853,1.65118,1.58925,1.60835,1.62842,1.61603,1.65008,1.56138,1.62932,1.67162,1.6623
"B1111",1.67863,1.60662,1.69347,1.59948,1.56976,1.59682,1.68536,1.68594,1.65157,1.69014,1.67392,1.65315,1.64178,1.70123,1.71556,1.71262,1.66074,1.66861,1.66923,1.60643,1.58449,1.61633,1.57986,1.58434,1.57669,1.58365,1.60215,1.60047,1.65714,1.61653,1.63174,1.63499,1.63118,1.63871,1.67657,1.7027,1.71104,1.66452,1.65628,1.6478,1.66257,1.70338,1.65011,1.66,1.62717,1.65314,1.7198,1.63875,1.66902,1.64699,1.58971,1.67289,1.66748,1.63179,1.66404,1.62156,1.69639,1.92352,2,1.63054,1.64558,1.5849,1.69123,1.6924,1.656,1.70289,1.69001,1.72094,1.6243,1.68487,1.64905,1.63276,1.64217,1.69155,1.65738,1.71211,1.70498,1.6163,1.63593,1.59496,1.56638,1.5479,1.56718,1.50596,1.62227,1.58769,1.58693,1.59023,1.59045,1.58817,1.62033,1.62257,1.58573,1.58945,1.60889,1.60984,1.63052,1.64071,1.61496,1.61099,1.64114,1.64772,1.62515,1.56941,1.61893,1.67187,1.65686
"B1151",1.69716,1.68078,1.74475,1.60434,1.60787,1.59962,1.66298,1.68976,1.63134,1.6744,1.65063,1.65965,1.61587,1.71389,1.73946,1.71376,1.61902,1.61442,1.61614,1.61924,1.56653,1.66357,1.62913,1.6308,1.62425,1.58819,1.63273,1.65277,1.59632,1.64655,1.65774,1.63921,1.62704,1.58166,1.62435,1.72039,1.61178,1.62946,1.60434,1.67194,1.62497,1.68055,1.62312,1.71515,1.64379,1.6325,1.63984,1.67508,1.65037,1.6589,1.6003,1.64075,1.64142,1.67936,1.63238,1.65651,1.65551,1.63852,1.63054,2,1.66336,1.59944,1.65132,1.65978,1.5957,1.59423,1.61659,1.68345,1.64333,1.58923,1.58739,1.71015,1.71611,1.68129,1.72311,1.78767,1.62395,1.65039,1.72576,1.75474,1.5861,1.57819,1.63798,1.56474,1.6447,1.61353,1.6122,1.61632,1.61554,1.61323,1.62232,1.59393,1.59803,1.6151,1.59696,1.6593,1.67805,1.60231,1.59335,1.57166,1.63728,1.5665,1.59986,1.55775,1.6726,1.63373,1.66734
"B1152",1.71687,1.73289,1.6633,1.84109,1.67157,1.59602,1.71994,1.7276,1.79078,1.76516,1.75539,1.76932,1.72119,1.72044,1.79359,1.69757,1.75417,1.78765,1.7611,1.70495,1.67225,1.69954,1.69327,1.689,1.69073,1.66212,1.68951,1.73099,1.66884,1.64888,1.75868,1.84078,1.81758,1.81675,1.70052,1.67215,1.65073,1.65124,1.65652,1.87079,1.7914,1.66785,1.79864,1.63023,1.8715,1.67559,1.66445,1.79813,1.72831,1.69308,1.79773,1.79059,1.69482,1.77029,1.77474,1.77114,1.69006,1.63716,1.64558,1.66336,2,1.7421,1.67827,1.74747,1.64256,1.62223,1.6697,1.6748,1.66616,1.66264,1.63614,1.70312,1.6974,1.76396,1.69017,1.75742,1.60473,1.72195,1.72865,1.65101,1.63511,1.61326,1.63514,1.55482,1.66027,1.62047,1.61955,1.62338,1.623,1.62095,1.65647,1.63428,1.61301,1.62207,1.63317,1.64019,1.65006,1.62949,1.70905,1.77833,1.72352,1.63426,1.65609,1.60117,1.73432,1.75955,1.68596
"B1153",1.69124,1.64013,1.59616,1.73166,1.68141,1.58398,1.64381,1.62023,1.7222,1.70019,1.69773,1.79313,1.73721,1.65772,1.68665,1.63153,1.66845,1.67727,1.68356,1.61409,1.64769,1.65153,1.73032,1.73282,1.72932,1.65596,1.74206,1.74689,1.67202,1.58725,1.66937,1.73781,1.72734,1.69906,1.61758,1.60663,1.61671,1.62692,1.65173,1.82925,1.71351,1.58221,1.72,1.55169,1.78727,1.67729,1.6522,1.73432,1.67027,1.68346,1.72129,1.69473,1.69211,1.66133,1.66859,1.70138,1.6702,1.5865,1.5849,1.59944,1.7421,2,1.65321,1.65887,1.61359,1.66907,1.67447,1.65653,1.65035,1.61194,1.59656,1.59512,1.63337,1.66785,1.65938,1.68834,1.58441,1.65517,1.66849,1.58322,1.68681,1.6933,1.69826,1.54615,1.6622,1.65104,1.65015,1.65412,1.65458,1.65273,1.55708,1.63915,1.63757,1.65376,1.69024,1.64922,1.62503,1.56448,1.66471,1.61138,1.69062,1.56497,1.68369,1.59797,1.69838,1.71004,1.65627
"B1155",1.66766,1.59681,1.59939,1.62676,1.56888,1.60892,1.72985,1.63412,1.6762,1.70758,1.62533,1.6434,1.59932,1.65424,1.66636,1.62826,1.62263,1.64159,1.63699,1.61733,1.58164,1.61063,1.63295,1.63622,1.63163,1.58084,1.61339,1.62971,1.67952,1.60728,1.65162,1.66757,1.68151,1.61399,1.64218,1.63055,1.67517,1.67099,1.64825,1.67584,1.64651,1.6012,1.62656,1.61725,1.63448,1.68477,1.69502,1.74858,1.74882,1.69449,1.5947,1.6458,1.68538,1.71838,1.75115,1.62926,1.74212,1.69298,1.69123,1.65132,1.67827,1.65321,2,1.66478,1.64394,1.70897,1.74971,1.72846,1.64376,1.7378,1.63099,1.59576,1.64322,1.64874,1.73147,1.74024,1.71713,1.61763,1.70534,1.60564,1.58758,1.59656,1.59721,1.55597,1.66423,1.6378,1.63624,1.63905,1.63969,1.63801,1.58226,1.62864,1.63002,1.63967,1.63961,1.64806,1.62954,1.62214,1.61925,1.57817,1.69699,1.59715,1.61159,1.59593,1.64082,1.69362,1.68278
"B1157",1.71711,1.76333,1.709,1.69917,1.62708,1.5509,1.65682,1.73107,1.73047,1.70112,1.70913,1.74233,1.70046,1.76632,1.78354,1.75024,1.72733,1.75608,1.71126,1.6529,1.65881,1.66531,1.64651,1.64461,1.64266,1.65187,1.66184,1.65718,1.66606,1.64279,1.66998,1.69773,1.68635,1.73304,1.66425,1.7017,1.66177,1.62084,1.63376,1.7661,1.73993,1.69943,1.71012,1.64947,1.74842,1.62288,1.66528,1.75121,1.71157,1.66306,1.69766,1.68144,1.69019,1.72027,1.69858,1.68663,1.66399,1.67778,1.6924,1.65978,1.74747,1.65887,1.66478,2,1.61326,1.65361,1.67943,1.68,1.68919,1.6373,1.63476,1.67524,1.70076,1.77438,1.69476,1.7521,1.62887,1.73324,1.75996,1.6461,1.60668,1.56737,1.6166,1.5229,1.60411,1.59438,1.59292,1.59585,1.59511,1.59417,1.63036,1.58555,1.59815,1.59588,1.62375,1.62632,1.68823,1.62547,1.65943,1.6687,1.65136,1.63599,1.63949,1.57319,1.68396,1.68852,1.65944
"B1158",1.69069,1.59974,1.5928,1.61889,1.60076,1.58206,1.67077,1.61832,1.61035,1.69259,1.65476,1.63318,1.6159,1.6601,1.6757,1.63358,1.60575,1.62431,1.60498,1.58991,1.59977,1.60053,1.62562,1.62383,1.6234,1.58791,1.62797,1.65776,1.73158,1.65201,1.66765,1.63889,1.63644,1.56291,1.59073,1.6216,1.64413,1.64812,1.62602,1.6617,1.65596,1.58095,1.64336,1.60111,1.65437,1.67653,1.75688,1.67401,1.63852,1.65905,1.66788,1.69674,1.6472,1.65344,1.65318,1.66391,1.66171,1.64815,1.656,1.5957,1.64256,1.61359,1.64394,1.61326,2,1.74138,1.66563,1.59384,1.58656,1.6211,1.57889,1.60927,1.61654,1.63741,1.60097,1.66305,1.57731,1.60545,1.62429,1.56901,1.5774,1.52702,1.64092,1.51494,1.59635,1.5462,1.54529,1.5469,1.54674,1.54653,1.59632,1.54386,1.56664,1.5479,1.61718,1.55045,1.57948,1.5429,1.59108,1.58031,1.60054,1.63213,1.60819,1.635,1.59758,1.67306,1.7816
"B1159",1.65691,1.60383,1.60275,1.61649,1.58769,1.57899,1.66856,1.62273,1.65479,1.73203,1.62626,1.64409,1.59525,1.68082,1.67691,1.65131,1.61638,1.63369,1.63376,1.56188,1.61183,1.62884,1.62581,1.62317,1.62182,1.6136,1.64755,1.64026,1.71701,1.57419,1.64526,1.63472,1.64682,1.60787,1.62124,1.63588,1.74724,1.66457,1.62139,1.65738,1.70352,1.57775,1.64962,1.59554,1.63092,1.64063,1.90328,1.67993,1.68074,1.65349,1.58061,1.63981,1.73831,1.65183,1.68058,1.62738,1.69465,1.72476,1.70289,1.59423,1.62223,1.66907,1.70897,1.65361,1.74138,2,1.74778,1.67376,1.68594,1.70729,1.69361,1.6008,1.62929,1.68502,1.63438,1.68104,1.70732,1.61595,1.61042,1.54124,1.60617,1.57193,1.62657,1.49804,1.66299,1.60372,1.60237,1.60573,1.6055,1.60352,1.54953,1.57472,1.62591,1.60462,1.6088,1.58891,1.62152,1.5948,1.63097,1.53968,1.66306,1.66194,1.64784,1.57766,1.61762,1.71605,1.71673
"B1160",1.68163,1.63697,1.62827,1.62702,1.61957,1.65885,1.67922,1.68702,1.68534,1.68189,1.65572,1.66948,1.64844,1.65603,1.68089,1.63646,1.6109,1.65204,1.6479,1.60296,1.61995,1.64418,1.63769,1.63613,1.63405,1.61657,1.64026,1.64334,1.69866,1.57401,1.66424,1.66395,1.67194,1.60109,1.6473,1.61945,1.66506,1.62532,1.62697,1.69407,1.68389,1.64264,1.64932,1.61508,1.64947,1.70271,1.73861,1.70678,1.69941,1.64003,1.60224,1.65428,1.71473,1.72635,1.74279,1.61628,1.70377,1.68009,1.69001,1.61659,1.6697,1.67447,1.74971,1.67943,1.66563,1.74778,2,1.68558,1.66785,1.67906,1.67572,1.61573,1.62695,1.70226,1.64269,1.68338,1.66061,1.6211,1.65594,1.55572,1.62927,1.57625,1.61897,1.5072,1.62607,1.61033,1.60878,1.61121,1.61148,1.61039,1.57865,1.60227,1.61885,1.61123,1.63631,1.59191,1.63768,1.59274,1.63211,1.5961,1.70447,1.6388,1.64521,1.58836,1.62345,1.70762,1.65387
"B1161",1.69461,1.64721,1.61795,1.6338,1.61753,1.63065,1.70612,1.64691,1.64522,1.70436,1.65664,1.6787,1.64372,1.6776,1.67036,1.65344,1.6596,1.64908,1.6524,1.61426,1.6253,1.62198,1.67211,1.67536,1.66931,1.61669,1.67709,1.65724,1.67007,1.62065,1.65192,1.6432,1.63227,1.64602,1.67082,1.66122,1.70376,1.66628,1.64276,1.70198,1.67695,1.63475,1.64874,1.6443,1.66179,1.62977,1.69384,1.70418,1.7042,1.71176,1.62951,1.65958,1.66879,1.65842,1.68725,1.66095,1.72359,1.74648,1.72094,1.68345,1.6748,1.65653,1.72846,1.68,1.59384,1.67376,1.68558,2,1.63985,1.66722,1.60504,1.60475,1.66139,1.68309,1.71033,1.74243,1.79227,1.69226,1.76939,1.64341,1.64957,1.65429,1.60461,1.5609,1.62842,1.65269,1.65137,1.65382,1.65335,1.65324,1.58691,1.63638,1.65522,1.65493,1.6338,1.69713,1.61518,1.62615,1.61325,1.59987,1.70034,1.57052,1.6668,1.58631,1.71286,1.61765,1.68248
"B1201",1.67463,1.74198,1.61297,1.63418,1.62751,1.58773,1.61088,1.6501,1.68973,1.6579,1.61067,1.63846,1.5892,1.67037,1.76307,1.67256,1.62004,1.6338,1.61997,1.70721,1.67863,1.70013,1.62497,1.62228,1.62026,1.67903,1.63763,1.61767,1.60252,1.59661,1.65776,1.69197,1.68491,1.63159,1.6451,1.63752,1.63095,1.64858,1.61258,1.67883,1.65506,1.59125,1.68624,1.58716,1.65458,1.61253,1.67574,1.64973,1.66129,1.60938,1.62334,1.61173,1.64974,1.6612,1.67874,1.63347,1.64079,1.59612,1.6243,1.64333,1.66616,1.65035,1.64376,1.68919,1.58656,1.68594,1.66785,1.63985,2,1.64001,1.71009,1.68075,1.74472,1.72032,1.65707,1.68974,1.59821,1.71335,1.68979,1.67861,1.60209,1.55983,1.65802,1.56416,1.61282,1.70078,1.69941,1.70296,1.70328,1.70061,1.59589,1.6795,1.69969,1.70197,1.63404,1.59178,1.6271,1.6155,1.69536,1.58741,1.63278,1.63871,1.59786,1.55444,1.62968,1.66813,1.6899
"B1202",1.63943,1.60679,1.5797,1.61995,1.5535,1.52069,1.703,1.60552,1.62592,1.66292,1.59181,1.5988,1.55801,1.66162,1.68449,1.65067,1.59707,1.63413,1.59822,1.62513,1.65554,1.62532,1.58897,1.58673,1.58582,1.63333,1.59567,1.59949,1.71689,1.59391,1.61149,1.63217,1.62485,1.65591,1.66924,1.6235,1.69983,1.61978,1.59194,1.65209,1.67048,1.5755,1.63719,1.5613,1.64623,1.65159,1.71808,1.69485,1.70536,1.63048,1.57089,1.6341,1.62593,1.69443,1.75126,1.62227,1.7369,1.71738,1.68487,1.58923,1.66264,1.61194,1.7378,1.6373,1.6211,1.70729,1.67906,1.66722,1.64001,2,1.74493,1.64341,1.66976,1.64169,1.64124,1.66295,1.70564,1.62515,1.60929,1.56713,1.56328,1.53475,1.62484,1.60511,1.63452,1.63939,1.63803,1.64,1.63979,1.64031,1.61592,1.63939,1.6525,1.64119,1.58877,1.53696,1.62318,1.6417,1.59857,1.5873,1.61043,1.60063,1.59187,1.54992,1.62361,1.67048,1.65883
"B1203",1.65071,1.64093,1.59839,1.60463,1.5987,1.61158,1.58891,1.64161,1.65412,1.59215,1.58765,1.57067,1.60043,1.65454,1.69512,1.64802,1.58004,1.62841,1.59818,1.6337,1.64885,1.6623,1.56109,1.5572,1.5577,1.64209,1.55097,1.58966,1.65222,1.57274,1.6248,1.67395,1.64406,1.65006,1.69128,1.63295,1.63539,1.61926,1.65018,1.62579,1.66221,1.58726,1.66739,1.50922,1.6157,1.68985,1.67793,1.59589,1.64392,1.57598,1.56309,1.5956,1.6301,1.62171,1.65775,1.58795,1.64659,1.66023,1.64905,1.58739,1.63614,1.59656,1.63099,1.63476,1.57889,1.69361,1.67572,1.60504,1.71009,1.74493,2,1.65698,1.6337,1.62017,1.6093,1.62152,1.62657,1.65398,1.59828,1.54592,1.56819,1.51957,1.59959,1.51609,1.57211,1.60568,1.60493,1.60824,1.60809,1.60494,1.59412,1.64392,1.61548,1.60699,1.58368,1.5263,1.59469,1.661,1.66499,1.6336,1.60247,1.68199,1.60575,1.58839,1.56311,1.63844,1.63154
"B1205",1.66993,1.75763,1.72711,1.63326,1.60808,1.57868,1.67506,1.70369,1.63664,1.68906,1.6597,1.65333,1.63434,1.75965,1.7646,1.75239,1.64897,1.66172,1.63783,1.67644,1.6492,1.68771,1.62184,1.61818,1.61818,1.67517,1.6207,1.64426,1.61634,1.62793,1.6985,1.66216,1.65352,1.6421,1.69653,1.71498,1.62824,1.62122,1.62583,1.6954,1.6568,1.67778,1.67172,1.60839,1.70765,1.63514,1.646,1.67608,1.6424,1.61208,1.60725,1.66172,1.59362,1.63568,1.65121,1.67518,1.61988,1.61753,1.63276,1.71015,1.70312,1.59512,1.59576,1.67524,1.60927,1.6008,1.61573,1.60475,1.68075,1.64341,1.65698,2,1.76897,1.70988,1.69719,1.75861,1.57762,1.70354,1.69596,1.73071,1.58325,1.56424,1.63316,1.58146,1.60878,1.6475,1.64633,1.64961,1.64924,1.64686,1.75629,1.67055,1.64166,1.64895,1.58712,1.60192,1.63408,1.66499,1.60147,1.62289,1.60823,1.6082,1.59986,1.59362,1.68032,1.63378,1.71926
"B1206",1.69987,1.7302,1.66121,1.63932,1.61391,1.55047,1.67572,1.65163,1.6537,1.69879,1.6414,1.65145,1.6082,1.68591,1.78114,1.71142,1.62643,1.63192,1.6304,1.71332,1.66583,1.7182,1.6635,1.66165,1.66022,1.64627,1.67778,1.64269,1.63904,1.63944,1.69466,1.65614,1.65982,1.63324,1.66179,1.64265,1.62046,1.63374,1.62242,1.69469,1.66755,1.64562,1.66083,1.66603,1.67553,1.63599,1.67718,1.69403,1.6769,1.65032,1.62121,1.65329,1.64659,1.69203,1.68538,1.65147,1.6546,1.61369,1.64217,1.71611,1.6974,1.63337,1.64322,1.70076,1.61654,1.62929,1.62695,1.66139,1.74472,1.66976,1.6337,1.76897,2,1.71949,1.78164,1.78027,1.61128,1.72745,1.72061,1.84136,1.62589,1.58543,1.68049,1.61567,1.63783,1.67178,1.67102,1.67432,1.67417,1.67292,1.71331,1.69373,1.68099,1.67394,1.61306,1.62721,1.63564,1.62272,1.61813,1.57677,1.65395,1.58985,1.6187,1.57328,1.69119,1.65027,1.73296
"B1207",1.70685,1.76076,1.7319,1.72977,1.63894,1.55975,1.70528,1.71709,1.71957,1.75958,1.71767,1.71973,1.66589,1.768,1.81307,1.7674,1.72405,1.771,1.72397,1.66727,1.65645,1.68869,1.66401,1.66328,1.65817,1.66628,1.66364,1.68091,1.66885,1.62034,1.73111,1.70856,1.70871,1.71155,1.66324,1.72515,1.67626,1.63845,1.60568,1.77297,1.77035,1.70044,1.77261,1.66803,1.74239,1.63403,1.70785,1.75143,1.69723,1.65556,1.72009,1.69933,1.68044,1.75114,1.75253,1.70499,1.65885,1.65608,1.69155,1.68129,1.76396,1.66785,1.64874,1.77438,1.63741,1.68502,1.70226,1.68309,1.72032,1.64169,1.62017,1.70988,1.71949,2,1.69024,1.76151,1.64655,1.69141,1.7035,1.6609,1.64087,1.60453,1.6327,1.52248,1.65973,1.59002,1.58916,1.5935,1.59269,1.59032,1.63914,1.57939,1.61833,1.59156,1.6327,1.63219,1.68614,1.62353,1.70914,1.67733,1.67892,1.63349,1.62108,1.56255,1.68765,1.70418,1.68692
"B1208",1.67646,1.6656,1.66993,1.66676,1.63546,1.58603,1.68225,1.67087,1.65835,1.71755,1.6277,1.65859,1.61603,1.68854,1.71498,1.68998,1.65466,1.65726,1.64994,1.67156,1.59636,1.66419,1.68518,1.68754,1.68356,1.60872,1.68397,1.65215,1.60617,1.64548,1.71188,1.68016,1.68507,1.65162,1.62405,1.67719,1.67393,1.63183,1.61528,1.71572,1.66499,1.6403,1.65366,1.63609,1.68905,1.66107,1.67086,1.73413,1.70418,1.6816,1.63452,1.67035,1.675,1.69724,1.67448,1.65888,1.66729,1.64744,1.65738,1.72311,1.69017,1.65938,1.73147,1.69476,1.60097,1.63438,1.64269,1.71033,1.65707,1.64124,1.6093,1.69719,1.78164,1.69024,2,1.89837,1.64913,1.70708,1.74656,1.7462,1.63139,1.66358,1.65919,1.57432,1.6319,1.63919,1.63787,1.64075,1.64038,1.6386,1.69755,1.66446,1.61763,1.63993,1.64946,1.69412,1.62318,1.64385,1.64581,1.594,1.67031,1.60761,1.63763,1.58182,1.70541,1.68577,1.6772
"B1209",1.75988,1.75427,1.79258,1.72088,1.69531,1.59939,1.74907,1.77058,1.73457,1.80243,1.72785,1.74854,1.68994,1.79249,1.80195,1.80795,1.70892,1.71986,1.70672,1.72015,1.64434,1.71177,1.71918,1.72508,1.71934,1.6584,1.73084,1.73352,1.67652,1.73885,1.75491,1.7385,1.72918,1.71274,1.67248,1.78497,1.72717,1.69792,1.66585,1.79775,1.71556,1.75872,1.71749,1.75249,1.75522,1.6914,1.72359,1.78544,1.75449,1.73778,1.71751,1.75703,1.70065,1.75538,1.73151,1.76425,1.7099,1.70169,1.71211,1.78767,1.75742,1.68834,1.74024,1.7521,1.66305,1.68104,1.68338,1.74243,1.68974,1.66295,1.62152,1.75861,1.78027,1.76151,1.89837,2,1.69143,1.75298,1.77954,1.76443,1.68241,1.68019,1.70736,1.61301,1.69074,1.66945,1.66845,1.67164,1.6713,1.66924,1.68941,1.66311,1.65649,1.67014,1.71061,1.72149,1.74643,1.68974,1.68109,1.65762,1.73141,1.65259,1.68527,1.63143,1.76373,1.73824,1.73157
"B1210",1.62611,1.57314,1.60228,1.61655,1.55453,1.59366,1.73161,1.61588,1.62318,1.67502,1.6089,1.61947,1.58725,1.65165,1.6258,1.63027,1.62802,1.59514,1.60762,1.57552,1.56495,1.58202,1.59507,1.59874,1.59167,1.56057,1.5932,1.60111,1.65476,1.58014,1.6114,1.6073,1.59355,1.63421,1.69274,1.61983,1.75269,1.67924,1.61402,1.63294,1.6419,1.57657,1.60957,1.62113,1.61399,1.59595,1.69721,1.63043,1.66979,1.63718,1.56315,1.62634,1.62778,1.63569,1.65435,1.61182,1.66199,1.73378,1.70498,1.62395,1.60473,1.58441,1.71713,1.62887,1.57731,1.70732,1.66061,1.79227,1.59821,1.70564,1.62657,1.57762,1.61128,1.64655,1.64913,1.69143,2,1.62548,1.63896,1.56214,1.58343,1.57647,1.54424,1.49459,1.59552,1.58271,1.58222,1.58398,1.5836,1.58334,1.5525,1.56426,1.59632,1.58414,1.55606,1.6064,1.58137,1.64051,1.57017,1.57535,1.64675,1.58266,1.61019,1.52913,1.62115,1.60987,1.62354
"B1211",1.71792,1.78643,1.63065,1.69708,1.67851,1.61757,1.6754,1.66963,1.69268,1.69537,1.68969,1.69439,1.64656,1.69167,1.71934,1.67148,1.72182,1.73839,1.71579,1.7011,1.72225,1.69453,1.67472,1.67134,1.67425,1.72115,1.68027,1.67988,1.64472,1.6316,1.69396,1.67091,1.67705,1.70523,1.64944,1.62738,1.645,1.64986,1.64532,1.75146,1.68913,1.61869,1.68166,1.61449,1.72839,1.66012,1.65107,1.69854,1.67007,1.68849,1.66994,1.66935,1.65298,1.68795,1.67133,1.70464,1.66508,1.60399,1.6163,1.65039,1.72195,1.65517,1.61763,1.73324,1.60545,1.61595,1.6211,1.69226,1.71335,1.62515,1.65398,1.70354,1.72745,1.69141,1.70708,1.75298,1.62548,2,1.73521,1.67503,1.6165,1.60966,1.68693,1.58948,1.59154,1.64198,1.64095,1.64372,1.64367,1.64158,1.65489,1.64724,1.67462,1.64394,1.6449,1.66993,1.64352,1.64315,1.64329,1.64005,1.63438,1.6552,1.65403,1.60781,1.67941,1.65428,1.68299
"B1216",1.7168,1.71708,1.65057,1.7014,1.63391,1.63019,1.67858,1.67511,1.69819,1.70518,1.6845,1.70838,1.6669,1.70651,1.73827,1.664,1.70171,1.70823,1.7048,1.64523,1.65576,1.6918,1.67487,1.67677,1.67377,1.64033,1.67506,1.69181,1.64199,1.65401,1.69475,1.67164,1.67118,1.67535,1.65575,1.66727,1.6461,1.66567,1.66292,1.75233,1.72963,1.63404,1.68531,1.63778,1.71548,1.66108,1.63624,1.74589,1.69961,1.69717,1.69539,1.67725,1.63753,1.69344,1.68203,1.70417,1.68348,1.63791,1.63593,1.72576,1.72865,1.66849,1.70534,1.75996,1.62429,1.61042,1.65594,1.76939,1.68979,1.60929,1.59828,1.69596,1.72061,1.7035,1.74656,1.77954,1.63896,1.73521,2,1.73533,1.63088,1.61233,1.62176,1.55803,1.62602,1.64754,1.64598,1.64882,1.64823,1.64746,1.63645,1.62785,1.62537,1.65012,1.62953,1.6875,1.61942,1.61632,1.65044,1.62472,1.68238,1.59661,1.61891,1.60448,1.72151,1.64541,1.71788
"B1217",1.65479,1.68601,1.63366,1.58978,1.56087,1.53605,1.63753,1.5911,1.59189,1.64538,1.61176,1.61908,1.57405,1.63975,1.74012,1.66475,1.58957,1.58073,1.59873,1.6544,1.61456,1.66091,1.6062,1.6062,1.6009,1.58678,1.62106,1.58885,1.56705,1.61699,1.64687,1.61341,1.60458,1.56993,1.60717,1.61465,1.54848,1.58903,1.57977,1.64774,1.60265,1.61782,1.62405,1.73504,1.63679,1.57448,1.5725,1.64189,1.61981,1.63451,1.60619,1.60522,1.57854,1.62068,1.61629,1.63785,1.64317,1.56654,1.59496,1.75474,1.65101,1.58322,1.60564,1.6461,1.56901,1.54124,1.55572,1.64341,1.67861,1.56713,1.54592,1.73071,1.84136,1.6609,1.7462,1.76443,1.56214,1.67503,1.73533,2,1.55491,1.55901,1.62679,1.65399,1.59226,1.63876,1.63763,1.642,1.6409,1.63944,1.7159,1.6335,1.62484,1.64135,1.56198,1.66975,1.62771,1.59319,1.55784,1.52528,1.62057,1.55513,1.5535,1.53608,1.66887,1.60022,1.67215
"B1218",1.7074,1.62405,1.59868,1.6091,1.70172,1.55894,1.61226,1.64577,1.63428,1.65442,1.67365,1.68972,1.69439,1.64368,1.64824,1.63314,1.60584,1.59125,1.59894,1.62279,1.61399,1.62252,1.71136,1.71377,1.71531,1.61276,1.73285,1.7414,1.61841,1.58653,1.64464,1.6258,1.60825,1.62096,1.60482,1.64975,1.6065,1.57068,1.58391,1.71933,1.6412,1.61716,1.61978,1.56713,1.63477,1.69037,1.68222,1.64334,1.61655,1.6445,1.62299,1.60291,1.69834,1.65942,1.63007,1.63649,1.60339,1.56648,1.56638,1.5861,1.63511,1.68681,1.58758,1.60668,1.5774,1.60617,1.62927,1.64957,1.60209,1.56328,1.56819,1.58325,1.62589,1.64087,1.63139,1.68241,1.58343,1.6165,1.63088,1.55491,2,1.80432,1.72693,1.49828,1.63196,1.53214,1.53089,1.53372,1.53306,1.53211,1.51768,1.54162,1.53422,1.53414,1.66498,1.59864,1.56814,1.60017,1.60468,1.62186,1.6401,1.53374,1.69301,1.57569,1.62501,1.60342,1.60811
"B1219",1.66506,1.58342,1.57849,1.61814,1.69206,1.56762,1.59996,1.59869,1.60242,1.62915,1.62722,1.68331,1.67856,1.6031,1.58774,1.60189,1.59491,1.56015,1.61293,1.5728,1.5773,1.56643,1.69218,1.69443,1.69513,1.58991,1.71551,1.70145,1.57452,1.54688,1.59343,1.59177,1.59528,1.60486,1.58351,1.6054,1.5924,1.54262,1.57779,1.6971,1.59081,1.59341,1.56914,1.52546,1.64007,1.62671,1.6229,1.6141,1.58325,1.5929,1.59352,1.57415,1.6408,1.58477,1.57741,1.58103,1.58954,1.56239,1.5479,1.57819,1.61326,1.6933,1.59656,1.56737,1.52702,1.57193,1.57625,1.65429,1.55983,1.53475,1.51957,1.56424,1.58543,1.60453,1.66358,1.68019,1.57647,1.60966,1.61233,1.55901,1.80432,2,1.66355,1.51449,1.60358,1.5548,1.55274,1.55531,1.55424,1.55319,1.52158,1.54844,1.54348,1.555,1.6403,1.70831,1.53184,1.59092,1.55228,1.57347,1.60599,1.5122,1.70401,1.557,1.62425,1.56824,1.58276
"B1220",1.69861,1.66236,1.6017,1.64723,1.67394,1.52343,1.6177,1.63402,1.61783,1.66213,1.66596,1.66089,1.60754,1.65483,1.66479,1.65434,1.60119,1.61507,1.61768,1.63989,1.67384,1.70227,1.6997,1.70155,1.70249,1.65798,1.71494,1.72386,1.66072,1.65155,1.63615,1.60638,1.6185,1.59859,1.56222,1.62367,1.5751,1.57606,1.55951,1.70869,1.65648,1.59254,1.63651,1.57747,1.63961,1.63794,1.66836,1.65477,1.62306,1.70238,1.67347,1.62334,1.69293,1.67053,1.64322,1.69534,1.66036,1.57274,1.56718,1.63798,1.63514,1.69826,1.59721,1.6166,1.64092,1.62657,1.61897,1.60461,1.65802,1.62484,1.59959,1.63316,1.68049,1.6327,1.65919,1.70736,1.54424,1.68693,1.62176,1.62679,1.72693,1.66355,2,1.5847,1.62849,1.61155,1.61076,1.61407,1.61388,1.61103,1.58567,1.57879,1.62803,1.61308,1.63209,1.66158,1.63014,1.60897,1.58917,1.56307,1.60928,1.55233,1.64811,1.60013,1.62144,1.64684,1.65785
"M1345",1.55046,1.57655,1.47214,1.4962,1.52091,1.42472,1.53616,1.50315,1.5154,1.55958,1.5364,1.57227,1.52137,1.5383,1.57972,1.55974,1.51197,1.52286,1.54687,1.55746,1.54925,1.55925,1.5348,1.53727,1.53241,1.52424,1.54014,1.5435,1.5378,1.52372,1.52217,1.51763,1.5406,1.51668,1.49868,1.49504,1.52676,1.47922,1.51858,1.56406,1.52964,1.48828,1.5177,1.56744,1.54845,1.52415,1.51947,1.58471,1.56304,1.57337,1.53635,1.50836,1.53281,1.54187,1.54046,1.56305,1.71862,1.53108,1.50596,1.56474,1.55482,1.54615,1.55597,1.5229,1.51494,1.49804,1.5072,1.5609,1.56416,1.60511,1.51609,1.58146,1.61567,1.52248,1.57432,1.61301,1.49459,1.58948,1.55803,1.65399,1.49828,1.51449,1.5847,2,1.55595,1.65281,1.65336,1.65461,1.65388,1.65424,1.62337,1.61333,1.6145,1.65622,1.53185,1.60992,1.5552,1.55571,1.50303,1.47348,1.55075,1.48758,1.52922,1.50128,1.61474,1.53617,1.58835
"M1347",1.69235,1.61794,1.65101,1.59804,1.61457,1.50122,1.67812,1.63182,1.6523,1.67927,1.62451,1.65024,1.59188,1.66966,1.68847,1.68346,1.61484,1.63094,1.66113,1.62767,1.58033,1.61321,1.66926,1.66533,1.67073,1.59281,1.68317,1.71404,1.59738,1.63032,1.63263,1.66853,1.68292,1.62124,1.6202,1.63673,1.62863,1.62315,1.62877,1.66858,1.67536,1.64021,1.65072,1.60871,1.6568,1.57996,1.65035,1.66652,1.61175,1.70642,1.61477,1.64405,1.65708,1.65635,1.63879,1.65331,1.67893,1.62108,1.62227,1.6447,1.66027,1.6622,1.66423,1.60411,1.59635,1.66299,1.62607,1.62842,1.61282,1.63452,1.57211,1.60878,1.63783,1.65973,1.6319,1.69074,1.59552,1.59154,1.62602,1.59226,1.63196,1.60358,1.62849,1.55595,2,1.67777,1.67644,1.67941,1.67956,1.6781,1.56762,1.6601,1.64692,1.67979,1.63921,1.61094,1.62728,1.60179,1.63688,1.57003,1.67752,1.56709,1.60361,1.60364,1.66567,1.68099,1.66076
"M1351",1.64798,1.64485,1.55554,1.58268,1.58485,1.55562,1.61379,1.56893,1.61237,1.62759,1.5882,1.62323,1.5732,1.61917,1.66012,1.61126,1.54099,1.56368,1.56562,1.6323,1.61727,1.65393,1.61409,1.61265,1.61343,1.62056,1.61373,1.60711,1.57024,1.59053,1.63999,1.64179,1.65355,1.56946,1.59779,1.58094,1.61927,1.59451,1.60067,1.61971,1.60566,1.5573,1.6096,1.54256,1.61842,1.57972,1.60158,1.61704,1.62071,1.64479,1.5668,1.59544,1.61323,1.61599,1.60675,1.57634,1.69536,1.5824,1.58769,1.61353,1.62047,1.65104,1.6378,1.59438,1.5462,1.60372,1.61033,1.65269,1.70078,1.63939,1.60568,1.6475,1.67178,1.59002,1.63919,1.66945,1.58271,1.64198,1.64754,1.63876,1.53214,1.5548,1.61155,1.65281,1.67777,2,1.99229,1.99225,1.99188,1.99163,1.60443,1.87332,1.84112,1.99239,1.58491,1.61147,1.59008,1.60717,1.61043,1.52365,1.62721,1.5615,1.57672,1.56141,1.80084,1.61367,1.70607
"M1353",1.64645,1.64378,1.55428,1.58227,1.58384,1.55446,1.61223,1.56745,1.61154,1.62709,1.58679,1.62113,1.57166,1.61826,1.65928,1.61048,1.53958,1.56264,1.56404,1.63183,1.61521,1.65256,1.61274,1.61143,1.61221,1.61894,1.61253,1.60609,1.56845,1.58894,1.6396,1.64084,1.65277,1.56859,1.59769,1.57978,1.61889,1.59363,1.60004,1.61804,1.60411,1.55581,1.60917,1.54112,1.61728,1.57877,1.60058,1.61584,1.61958,1.64334,1.56606,1.59395,1.61181,1.61485,1.60616,1.57497,1.69455,1.58091,1.58693,1.6122,1.61955,1.65015,1.63624,1.59292,1.54529,1.60237,1.60878,1.65137,1.69941,1.63803,1.60493,1.64633,1.67102,1.58916,1.63787,1.66845,1.58222,1.64095,1.64598,1.63763,1.53089,1.55274,1.61076,1.65336,1.67644,1.99229,2,1.99183,1.99182,1.9916,1.60311,1.87237,1.84078,1.9924,1.58372,1.60994,1.58876,1.60572,1.60988,1.52341,1.62649,1.56168,1.57485,1.55996,1.79986,1.61383,1.70488
"M1354",1.64909,1.64754,1.55867,1.5862,1.58781,1.55743,1.61524,1.57072,1.61554,1.63051,1.59064,1.62589,1.57603,1.62248,1.66343,1.61439,1.54325,1.56568,1.56816,1.63489,1.61964,1.6556,1.61622,1.61457,1.61531,1.62298,1.61526,1.61071,1.57102,1.59311,1.64306,1.64392,1.65605,1.57252,1.60132,1.58387,1.62129,1.59707,1.60334,1.62186,1.60797,1.55931,1.61229,1.54368,1.62095,1.58199,1.60374,1.61962,1.6223,1.64699,1.56912,1.59781,1.61596,1.61825,1.60996,1.57892,1.69611,1.584,1.59023,1.61632,1.62338,1.65412,1.63905,1.59585,1.5469,1.60573,1.61121,1.65382,1.70296,1.64,1.60824,1.64961,1.67432,1.5935,1.64075,1.67164,1.58398,1.64372,1.64882,1.642,1.53372,1.55531,1.61407,1.65461,1.67941,1.99225,1.99183,2,1.99276,1.9917,1.6064,1.87447,1.84278,1.99268,1.58573,1.61246,1.59273,1.60933,1.6132,1.52557,1.62942,1.56336,1.57778,1.56117,1.80258,1.61631,1.70772
"M1356",1.64965,1.64796,1.55823,1.58565,1.58659,1.55661,1.61474,1.5706,1.61614,1.63043,1.59037,1.62496,1.57516,1.62199,1.66338,1.61347,1.54323,1.5655,1.56819,1.63511,1.61914,1.65526,1.615,1.61347,1.61442,1.62241,1.61455,1.61004,1.57084,1.5928,1.64339,1.64414,1.65617,1.57229,1.60112,1.5827,1.62137,1.59672,1.60399,1.62188,1.60786,1.55971,1.61224,1.5427,1.62124,1.58111,1.60348,1.6196,1.62233,1.64689,1.56922,1.59818,1.61575,1.61793,1.61004,1.57875,1.69608,1.58406,1.59045,1.61554,1.623,1.65458,1.63969,1.59511,1.54674,1.6055,1.61148,1.65335,1.70328,1.63979,1.60809,1.64924,1.67417,1.59269,1.64038,1.6713,1.5836,1.64367,1.64823,1.6409,1.53306,1.55424,1.61388,1.65388,1.67956,1.99188,1.99182,1.99276,2,1.99209,1.6057,1.87359,1.8427,1.99282,1.58483,1.61199,1.59336,1.60881,1.6129,1.52547,1.62905,1.56394,1.57745,1.56169,1.80234,1.61725,1.70744
"M1357",1.64831,1.64516,1.55566,1.58319,1.58539,1.55492,1.61357,1.56854,1.61321,1.62924,1.58849,1.62312,1.57315,1.61984,1.66097,1.6116,1.54079,1.56359,1.56592,1.6327,1.61612,1.65305,1.61372,1.61236,1.61275,1.61989,1.61341,1.60796,1.57068,1.59138,1.64068,1.64226,1.65385,1.56991,1.59926,1.58051,1.62094,1.59536,1.60152,1.61984,1.60597,1.55723,1.61078,1.54329,1.61912,1.5797,1.60127,1.61681,1.6212,1.64511,1.56756,1.59583,1.61285,1.61634,1.60799,1.57623,1.69652,1.58197,1.58817,1.61323,1.62095,1.65273,1.63801,1.59417,1.54653,1.60352,1.61039,1.65324,1.70061,1.64031,1.60494,1.64686,1.67292,1.59032,1.6386,1.66924,1.58334,1.64158,1.64746,1.63944,1.53211,1.55319,1.61103,1.65424,1.6781,1.99163,1.9916,1.9917,1.99209,2,1.60353,1.87286,1.84094,1.99214,1.58477,1.61083,1.59109,1.60792,1.61172,1.52504,1.62929,1.5611,1.57678,1.5604,1.80085,1.61568,1.70693
"M1358",1.63466,1.65766,1.61194,1.59122,1.54891,1.51163,1.65,1.62154,1.60489,1.60862,1.61989,1.60674,1.59558,1.65258,1.66923,1.65011,1.61705,1.63196,1.63681,1.63489,1.6136,1.62158,1.56079,1.55905,1.55644,1.59006,1.56397,1.57741,1.59174,1.60769,1.65682,1.62577,1.62519,1.627,1.64035,1.59204,1.59747,1.59322,1.59521,1.62561,1.61287,1.57708,1.61079,1.60095,1.65234,1.57299,1.5792,1.62407,1.59709,1.61442,1.57972,1.61933,1.54762,1.58801,1.58762,1.61598,1.60686,1.61079,1.62033,1.62232,1.65647,1.55708,1.58226,1.63036,1.59632,1.54953,1.57865,1.58691,1.59589,1.61592,1.59412,1.75629,1.71331,1.63914,1.69755,1.68941,1.5525,1.65489,1.63645,1.7159,1.51768,1.52158,1.58567,1.62337,1.56762,1.60443,1.60311,1.6064,1.6057,1.60353,2,1.74483,1.59874,1.60591,1.56091,1.56918,1.55464,1.60466,1.61409,1.58758,1.58905,1.56206,1.56985,1.55741,1.61994,1.58609,1.66816
"M1359",1.65028,1.64105,1.59163,1.57177,1.59081,1.57675,1.60735,1.60904,1.62845,1.61041,1.58124,1.62391,1.60444,1.60949,1.64809,1.61382,1.55438,1.56925,1.58615,1.65231,1.60655,1.6285,1.5919,1.59058,1.59182,1.59391,1.59816,1.6106,1.55879,1.6093,1.65378,1.65581,1.65742,1.61463,1.61862,1.5906,1.61125,1.6269,1.64308,1.60059,1.5911,1.58122,1.61275,1.54459,1.62245,1.60731,1.59483,1.60354,1.6073,1.63068,1.56705,1.5969,1.59218,1.58101,1.58634,1.56889,1.65682,1.61079,1.62257,1.59393,1.63428,1.63915,1.62864,1.58555,1.54386,1.57472,1.60227,1.63638,1.6795,1.63939,1.64392,1.67055,1.69373,1.57939,1.66446,1.66311,1.56426,1.64724,1.62785,1.6335,1.54162,1.54844,1.57879,1.61333,1.6601,1.87332,1.87237,1.87447,1.87359,1.87286,1.74483,2,1.76401,1.87512,1.61572,1.57731,1.5556,1.63444,1.62369,1.55128,1.62788,1.57175,1.60683,1.57904,1.74259,1.61618,1.68587
"M1360",1.64347,1.66499,1.55833,1.59526,1.58491,1.58456,1.62615,1.56728,1.61973,1.65809,1.59482,1.60845,1.56228,1.63479,1.66757,1.61147,1.57488,1.58768,1.56874,1.60544,1.62307,1.63193,1.61436,1.61488,1.61385,1.61634,1.61266,1.58911,1.58435,1.58494,1.64403,1.62751,1.64575,1.56776,1.6047,1.56069,1.64181,1.6263,1.59338,1.62716,1.61973,1.55855,1.61957,1.55416,1.60809,1.57322,1.60748,1.62251,1.62345,1.65592,1.56841,1.61542,1.6057,1.61537,1.61404,1.57601,1.6699,1.57247,1.58573,1.59803,1.61301,1.63757,1.63002,1.59815,1.56664,1.62591,1.61885,1.65522,1.69969,1.6525,1.61548,1.64166,1.68099,1.61833,1.61763,1.65649,1.59632,1.67462,1.62537,1.62484,1.53422,1.54348,1.62803,1.6145,1.64692,1.84112,1.84078,1.84278,1.8427,1.84094,1.59874,1.76401,2,1.84237,1.59844,1.59079,1.61376,1.59758,1.59543,1.52914,1.61958,1.61219,1.57464,1.64038,1.69435,1.62529,1.65981
"M1361",1.64941,1.64758,1.55684,1.58316,1.58738,1.55738,1.61518,1.56988,1.61453,1.62944,1.59014,1.62481,1.57511,1.62091,1.66242,1.61282,1.5434,1.56444,1.56722,1.63347,1.61901,1.65526,1.6161,1.61492,1.6151,1.62277,1.61599,1.61008,1.57234,1.59237,1.64204,1.64294,1.65499,1.57068,1.59986,1.58101,1.6211,1.59629,1.60362,1.62161,1.60694,1.5585,1.61121,1.54362,1.62116,1.58256,1.60274,1.61887,1.62271,1.64719,1.56815,1.59727,1.61491,1.61787,1.60916,1.57766,1.69843,1.58362,1.58945,1.6151,1.62207,1.65376,1.63967,1.59588,1.5479,1.60462,1.61123,1.65493,1.70197,1.64119,1.60699,1.64895,1.67394,1.59156,1.63993,1.67014,1.58414,1.64394,1.65012,1.64135,1.53414,1.555,1.61308,1.65622,1.67979,1.99239,1.9924,1.99268,1.99282,1.99214,1.60591,1.87512,1.84237,2,1.58785,1.61352,1.5911,1.60892,1.61192,1.52481,1.6297,1.56357,1.57958,1.56301,1.80217,1.61622,1.70852
"M1362",1.68932,1.64782,1.62502,1.60093,1.67014,1.59387,1.64698,1.66941,1.6695,1.65787,1.6406,1.65955,1.64223,1.6477,1.66629,1.64924,1.63896,1.63496,1.63074,1.66015,1.57957,1.6173,1.77425,1.77708,1.77019,1.61485,1.80162,1.70116,1.60126,1.62902,1.63212,1.64675,1.64198,1.60792,1.56584,1.63826,1.6041,1.62737,1.6389,1.67516,1.6183,1.64679,1.62475,1.59937,1.65785,1.67206,1.62788,1.64991,1.63189,1.66817,1.59876,1.60162,1.67883,1.62048,1.62782,1.63218,1.65246,1.6022,1.60889,1.59696,1.63317,1.69024,1.63961,1.62375,1.61718,1.6088,1.63631,1.6338,1.63404,1.58877,1.58368,1.58712,1.61306,1.6327,1.64946,1.71061,1.55606,1.6449,1.62953,1.56198,1.66498,1.6403,1.63209,1.53185,1.63921,1.58491,1.58372,1.58573,1.58483,1.58477,1.56091,1.61572,1.59844,1.58785,2,1.61383,1.63216,1.5842,1.62663,1.58735,1.65706,1.58533,1.70024,1.64006,1.61879,1.67099,1.65986
"M1363",1.64662,1.64679,1.59062,1.63985,1.61967,1.55049,1.64866,1.63056,1.60171,1.65217,1.60713,1.66855,1.62064,1.6053,1.6279,1.61617,1.63504,1.62939,1.65989,1.60721,1.56699,1.61273,1.67729,1.67623,1.67402,1.55778,1.66824,1.64709,1.57859,1.56862,1.58119,1.60773,1.62944,1.62062,1.56066,1.59884,1.59469,1.57379,1.58283,1.68764,1.63902,1.59625,1.61763,1.63007,1.64773,1.55218,1.60362,1.67738,1.64716,1.66735,1.64305,1.58415,1.63356,1.62388,1.61487,1.61518,1.67126,1.62641,1.60984,1.6593,1.64019,1.64922,1.64806,1.62632,1.55045,1.58891,1.59191,1.69713,1.59178,1.53696,1.5263,1.60192,1.62721,1.63219,1.69412,1.72149,1.6064,1.66993,1.6875,1.66975,1.59864,1.70831,1.66158,1.60992,1.61094,1.61147,1.60994,1.61246,1.61199,1.61083,1.56918,1.57731,1.59079,1.61352,1.61383,2,1.57316,1.57537,1.56904,1.55238,1.61557,1.54021,1.63047,1.53872,1.65556,1.60166,1.62464
"M1364",1.69214,1.66278,1.71679,1.62945,1.5981,1.48491,1.64135,1.70676,1.68485,1.6847,1.66392,1.64101,1.59041,1.71771,1.708,1.71249,1.59632,1.61183,1.598,1.60015,1.59859,1.59358,1.6204,1.61874,1.61566,1.61128,1.63858,1.64635,1.63941,1.65129,1.62329,1.61733,1.61127,1.59235,1.59292,1.68376,1.60346,1.61492,1.60063,1.68604,1.65146,1.71368,1.67156,1.70279,1.64478,1.61928,1.63538,1.68139,1.65277,1.67157,1.62837,1.63335,1.62911,1.67931,1.63612,1.7112,1.67765,1.60853,1.63052,1.67805,1.65006,1.62503,1.62954,1.68823,1.57948,1.62152,1.63768,1.61518,1.6271,1.62318,1.59469,1.63408,1.63564,1.68614,1.62318,1.74643,1.58137,1.64352,1.61942,1.62771,1.56814,1.53184,1.63014,1.5552,1.62728,1.59008,1.58876,1.59273,1.59336,1.59109,1.55464,1.5556,1.61376,1.5911,1.63216,1.57316,2,1.60052,1.60802,1.6021,1.64797,1.5939,1.58256,1.59885,1.63456,1.64774,1.61347
"M1365",1.68799,1.63857,1.64764,1.58038,1.62912,1.5444,1.61938,1.65673,1.63041,1.67253,1.59725,1.62721,1.64028,1.68621,1.67211,1.6967,1.60958,1.5877,1.59209,1.66157,1.59872,1.63568,1.62029,1.62247,1.61741,1.60437,1.59683,1.61896,1.55353,1.61824,1.6055,1.59733,1.59417,1.62669,1.66129,1.6911,1.64492,1.59182,1.62513,1.64148,1.61311,1.67742,1.60016,1.55621,1.61729,1.61927,1.65488,1.63784,1.58689,1.63899,1.56485,1.58813,1.63253,1.59818,1.59885,1.61982,1.6157,1.65118,1.64071,1.60231,1.62949,1.56448,1.62214,1.62547,1.5429,1.5948,1.59274,1.62615,1.6155,1.6417,1.661,1.66499,1.62272,1.62353,1.64385,1.68974,1.64051,1.64315,1.61632,1.59319,1.60017,1.59092,1.60897,1.55571,1.60179,1.60717,1.60572,1.60933,1.60881,1.60792,1.60466,1.63444,1.59758,1.60892,1.5842,1.57537,1.60052,2,1.60159,1.6136,1.59552,1.56424,1.63262,1.55637,1.61337,1.60176,1.61346
"M1366",1.69415,1.66441,1.60595,1.68073,1.6033,1.55342,1.65013,1.63213,1.7303,1.66057,1.64909,1.65052,1.62003,1.68996,1.70946,1.66824,1.64736,1.67019,1.64791,1.66871,1.63606,1.63679,1.61254,1.61043,1.6093,1.65606,1.59695,1.64673,1.63107,1.61566,1.70343,1.74445,1.73714,1.68866,1.61694,1.64902,1.64374,1.65819,1.64417,1.7363,1.72723,1.57741,1.75865,1.56455,1.70793,1.62468,1.62628,1.68256,1.66323,1.62655,1.6875,1.66294,1.65135,1.67168,1.66121,1.65122,1.63788,1.58925,1.61496,1.59335,1.70905,1.66471,1.61925,1.65943,1.59108,1.63097,1.63211,1.61325,1.69536,1.59857,1.66499,1.60147,1.61813,1.70914,1.64581,1.68109,1.57017,1.64329,1.65044,1.55784,1.60468,1.55228,1.58917,1.50303,1.63688,1.61043,1.60988,1.6132,1.6129,1.61172,1.61409,1.62369,1.59543,1.61192,1.62663,1.56904,1.60802,1.60159,2,1.68544,1.66675,1.6214,1.56448,1.59458,1.66851,1.69068,1.6676
"M1367",1.66074,1.67497,1.6214,1.73497,1.65362,1.54566,1.65144,1.69876,1.75164,1.69665,1.72106,1.66458,1.6893,1.65018,1.66628,1.62592,1.65146,1.6853,1.62601,1.61258,1.57387,1.58403,1.61893,1.61398,1.61603,1.58288,1.60923,1.64079,1.61629,1.59189,1.68923,1.7652,1.71301,1.73976,1.64684,1.64869,1.63559,1.60969,1.64551,1.80017,1.69288,1.63773,1.75666,1.55836,1.76033,1.62477,1.60333,1.70677,1.65274,1.61933,1.73208,1.70811,1.61779,1.68207,1.66596,1.70579,1.58602,1.60835,1.61099,1.57166,1.77833,1.61138,1.57817,1.6687,1.58031,1.53968,1.5961,1.59987,1.58741,1.5873,1.6336,1.62289,1.57677,1.67733,1.594,1.65762,1.57535,1.64005,1.62472,1.52528,1.62186,1.57347,1.56307,1.47348,1.57003,1.52365,1.52341,1.52557,1.52547,1.52504,1.58758,1.55128,1.52914,1.52481,1.58735,1.55238,1.6021,1.6136,1.68544,2,1.61567,1.6301,1.63204,1.58631,1.6543,1.71021,1.60132
"M1368",1.70803,1.6231,1.6245,1.66951,1.60722,1.57696,1.66073,1.66899,1.72215,1.74912,1.66847,1.67215,1.62485,1.67619,1.66802,1.67351,1.64327,1.62855,1.67047,1.62471,1.57848,1.62813,1.63296,1.63862,1.63046,1.59095,1.64586,1.66151,1.631,1.62721,1.67338,1.70998,1.70892,1.65744,1.63293,1.64997,1.67014,1.66385,1.64358,1.74865,1.67804,1.63387,1.69772,1.6149,1.70564,1.61769,1.62881,1.72136,1.69019,1.68311,1.68407,1.68155,1.67042,1.67962,1.67779,1.69362,1.69345,1.62842,1.64114,1.63728,1.72352,1.69062,1.69699,1.65136,1.60054,1.66306,1.70447,1.70034,1.63278,1.61043,1.60247,1.60823,1.65395,1.67892,1.67031,1.73141,1.64675,1.63438,1.68238,1.62057,1.6401,1.60599,1.60928,1.55075,1.67752,1.62721,1.62649,1.62942,1.62905,1.62929,1.58905,1.62788,1.61958,1.6297,1.65706,1.61557,1.64797,1.59552,1.66675,1.61567,2,1.59083,1.62812,1.60651,1.69578,1.66788,1.65056
"M1463",1.65506,1.63549,1.58623,1.62286,1.60922,1.65464,1.61869,1.64485,1.69022,1.65371,1.58617,1.55346,1.59922,1.63424,1.6303,1.60207,1.5978,1.59867,1.56819,1.61364,1.57448,1.58635,1.59205,1.58883,1.58721,1.56412,1.57095,1.56661,1.60684,1.59263,1.61559,1.65426,1.65126,1.60482,1.61535,1.58671,1.62168,1.63497,1.62887,1.62299,1.66166,1.59695,1.66167,1.57584,1.62595,1.69262,1.68182,1.60519,1.62567,1.60171,1.61164,1.63252,1.61713,1.64783,1.64687,1.62443,1.66732,1.61603,1.64772,1.5665,1.63426,1.56497,1.59715,1.63599,1.63213,1.66194,1.6388,1.57052,1.63871,1.60063,1.68199,1.6082,1.58985,1.63349,1.60761,1.65259,1.58266,1.6552,1.59661,1.55513,1.53374,1.5122,1.55233,1.48758,1.56709,1.5615,1.56168,1.56336,1.56394,1.5611,1.56206,1.57175,1.61219,1.56357,1.58533,1.54021,1.5939,1.56424,1.6214,1.6301,1.59083,2,1.6329,1.71703,1.56977,1.70586,1.62593
"M1464",1.70794,1.62986,1.63147,1.61164,1.72121,1.60983,1.66235,1.69655,1.67077,1.67305,1.65755,1.70616,1.7331,1.62616,1.64226,1.62686,1.61781,1.5997,1.62894,1.62151,1.62408,1.62199,1.73845,1.73512,1.73437,1.61224,1.74626,1.71404,1.64473,1.62188,1.65099,1.62399,1.61634,1.63056,1.62296,1.63964,1.65201,1.5898,1.63884,1.70584,1.61963,1.6729,1.59984,1.57123,1.6818,1.70785,1.71384,1.65511,1.62449,1.6659,1.61235,1.62611,1.69942,1.64107,1.62292,1.66188,1.64716,1.65008,1.62515,1.59986,1.65609,1.68369,1.61159,1.63949,1.60819,1.64784,1.64521,1.6668,1.59786,1.59187,1.60575,1.59986,1.6187,1.62108,1.63763,1.68527,1.61019,1.65403,1.61891,1.5535,1.69301,1.70401,1.64811,1.52922,1.60361,1.57672,1.57485,1.57778,1.57745,1.57678,1.56985,1.60683,1.57464,1.57958,1.70024,1.63047,1.58256,1.63262,1.56448,1.63204,1.62812,1.6329,2,1.65697,1.66062,1.65777,1.6386
"M1465",1.6642,1.59033,1.58357,1.57934,1.57514,1.56469,1.58825,1.59392,1.64196,1.62974,1.57081,1.55403,1.59174,1.62037,1.59376,1.59067,1.56449,1.57656,1.55314,1.56621,1.55523,1.54531,1.60975,1.60794,1.60773,1.53244,1.58557,1.60358,1.60202,1.664,1.61573,1.61752,1.60706,1.54861,1.5798,1.58387,1.58326,1.6407,1.7014,1.62507,1.60717,1.61161,1.6165,1.53959,1.61017,1.6432,1.61193,1.60605,1.57788,1.69994,1.61963,1.64719,1.59518,1.5776,1.56601,1.68994,1.67534,1.56138,1.56941,1.55775,1.60117,1.59797,1.59593,1.57319,1.635,1.57766,1.58836,1.58631,1.55444,1.54992,1.58839,1.59362,1.57328,1.56255,1.58182,1.63143,1.52913,1.60781,1.60448,1.53608,1.57569,1.557,1.60013,1.50128,1.60364,1.56141,1.55996,1.56117,1.56169,1.5604,1.55741,1.57904,1.64038,1.56301,1.64006,1.53872,1.59885,1.55637,1.59458,1.58631,1.60651,1.71703,1.65697,2,1.57484,1.60138,1.63016
"M1467",1.68732,1.67398,1.64054,1.68421,1.6789,1.57169,1.67553,1.65445,1.67496,1.74576,1.70359,1.7459,1.68614,1.67546,1.69754,1.67034,1.66074,1.65421,1.67297,1.63828,1.60682,1.62147,1.69917,1.69456,1.69676,1.61912,1.70334,1.70319,1.64029,1.6197,1.69016,1.66997,1.66899,1.67455,1.6107,1.66042,1.66326,1.61585,1.64331,1.7702,1.71077,1.63458,1.70266,1.60912,1.77019,1.63102,1.65111,1.7682,1.73076,1.6892,1.71106,1.69439,1.6559,1.71149,1.68201,1.71658,1.70891,1.62932,1.61893,1.6726,1.73432,1.69838,1.64082,1.68396,1.59758,1.61762,1.62345,1.71286,1.62968,1.62361,1.56311,1.68032,1.69119,1.68765,1.70541,1.76373,1.62115,1.67941,1.72151,1.66887,1.62501,1.62425,1.62144,1.61474,1.66567,1.80084,1.79986,1.80258,1.80234,1.80085,1.61994,1.74259,1.69435,1.80217,1.61879,1.65556,1.63456,1.61337,1.66851,1.6543,1.69578,1.56977,1.66062,1.57484,2,1.68293,1.71417
"M1469",1.67924,1.67366,1.64072,1.73703,1.65177,1.58691,1.67296,1.69035,1.76425,1.77525,1.68252,1.6921,1.64547,1.68999,1.70371,1.66074,1.65997,1.70005,1.6619,1.66272,1.58488,1.61534,1.66869,1.66524,1.6629,1.61066,1.67989,1.68026,1.66957,1.60903,1.68655,1.75714,1.74697,1.7186,1.62426,1.65084,1.71263,1.67448,1.66152,1.77679,1.71691,1.63068,1.76052,1.6189,1.76978,1.67928,1.72572,1.75194,1.71759,1.67875,1.69911,1.72165,1.70851,1.73941,1.73477,1.69939,1.69203,1.67162,1.67187,1.63373,1.75955,1.71004,1.69362,1.68852,1.67306,1.71605,1.70762,1.61765,1.66813,1.67048,1.63844,1.63378,1.65027,1.70418,1.68577,1.73824,1.60987,1.65428,1.64541,1.60022,1.60342,1.56824,1.64684,1.53617,1.68099,1.61367,1.61383,1.61631,1.61725,1.61568,1.58609,1.61618,1.62529,1.61622,1.67099,1.60166,1.64774,1.60176,1.69068,1.71021,1.66788,1.70586,1.65777,1.60138,1.68293,2,1.67273
"M1471",1.72499,1.69472,1.62286,1.65364,1.6221,1.6169,1.70404,1.65093,1.6551,1.71232,1.69283,1.67387,1.62941,1.71731,1.72764,1.68335,1.64628,1.65039,1.65118,1.68437,1.6196,1.70902,1.68941,1.68564,1.68527,1.68192,1.68358,1.70743,1.71715,1.66105,1.7056,1.68199,1.68097,1.61237,1.62203,1.64133,1.68826,1.66889,1.64407,1.69325,1.71853,1.61748,1.66901,1.61878,1.68395,1.6848,1.74075,1.69541,1.68045,1.69063,1.64146,1.69018,1.69231,1.68403,1.69307,1.68436,1.71111,1.6623,1.65686,1.66734,1.68596,1.65627,1.68278,1.65944,1.7816,1.71673,1.65387,1.68248,1.6899,1.65883,1.63154,1.71926,1.73296,1.68692,1.6772,1.73157,1.62354,1.68299,1.71788,1.67215,1.60811,1.58276,1.65785,1.58835,1.66076,1.70607,1.70488,1.70772,1.70744,1.70693,1.66816,1.68587,1.65981,1.70852,1.65986,1.62464,1.61347,1.61346,1.6676,1.60132,1.65056,1.62593,1.6386,1.63016,1.71417,1.67273,2
