"","Line","Env","PH","FLW","Lg","Exs","CulmL","PnN","PedL","PnL","Flg.LL","Flg.LW","Flg.LA","SPn","FGP","GrL","GrW","LBR","X1000GW","YPP","YLD"
"4","A1257","2012DSRYT",111.7,85.4,1.1,1.2,"86.2",12,4.1,25.2,29.9,1.3,24.5,92,1038.3,10,2.2,4.5,24.1,25.5,4279
"5","A1258","2012DSRYT",112.8,80.2,1.1,1.3,"89",12.8,4.8,23.5,30.7,1.3,26,78.6,1001,10,2.4,4.2,26,25.7,5721
"6","A1302","2012DSRYT",105.7,89.7,1.1,1.3,"83",11.8,3.5,22.8,31.8,1.2,25.8,80.1,904.8,9.3,2.2,4.3,21.1,20.9,4685
"8","A1261","2012DSRYT",98,89.3,1.1,1.2,"77.6",12.6,4.7,21.2,28.2,0.9,18.8,71.3,908.5,9.5,2.3,4.1,22.8,21.7,5235
"9","A1262","2012DSRYT",90.5,85.4,1.1,1.2,"70.3",13.1,3.2,21.4,31.4,1.1,23.3,75.9,1013,9.4,2.3,4.1,25.1,26.1,5943
"11","B1053","2012DSRYT",103.9,84,1.1,1.2,"79",13.3,2.9,25.1,29.6,1.1,22.4,74.3,1024.8,10.4,2.3,4.7,26,26,5709
"12","A1260","2012DSRYT",109.2,85.4,1.1,1.2,"85.2",13.6,4.7,23.9,31.5,1,22.2,73.8,1032.9,9.7,2.3,4.1,25.3,26.1,5948
"17","A1304","2012DSRYT",113.6,86.9,1.1,1.2,"88.1",13.4,3.5,25,34.2,0.9,22.7,70.4,972.4,10.1,2.3,4.5,25.6,24.5,5121
"20","A1263","2012DSRYT",96.2,81.6,1.1,1.3,"72.7",12.1,2.4,24.2,31.1,1.2,24.9,71.9,875.2,9.5,2.4,3.9,28.3,23.2,5601
"23","B1201","2012DSRYT",108.5,94.5,1.1,1.2,"85.9",11.7,2.5,22.5,26.9,1.3,22.6,77.6,880.8,9.1,2.3,3.9,22.1,20.5,3671
"24","B1202","2012DSRYT",101.7,91.6,1.1,1.2,"78.5",13.8,2.6,23.6,30,1.2,23.5,67.2,967.5,9.6,2.3,4.3,26.1,24.9,6341
"25","B1203","2012DSRYT",108.3,87.8,1.1,1.2,"84",12.6,2.1,24.1,30.7,1.1,23.4,73.1,929.1,9.3,2.3,4,26.3,24,5231
"26","B1204","2012DSRYT",112.7,94,1.1,1.2,"90.1",13.5,2.5,22.3,25.8,1.2,20.3,79.5,1084.2,9.5,2.3,4.2,22.3,25,4578
"27","B1102","2012DSRYT",111.4,84,1.1,1.2,"89.1",12.8,5.5,22.1,29.4,1.2,22.8,79.2,1017.1,9.3,2.3,4,23.6,24.3,4923
"28","B1054","2012DSRYT",106.1,77.8,1.1,1.2,"84.5",12.2,2.5,21.7,27.2,1.1,21.1,80.3,946.2,9.8,2.4,4.1,25.5,24.1,5920
"29","B1205","2012DSRYT",110.4,92.1,1.1,1.2,"84.9",12.5,3.2,25.2,31.8,1.2,24.4,80.3,985.4,9.5,2.3,4.1,24.1,24,6221
"30","B1151","2012DSRYT",114.2,89.3,1.1,1.2,"100",12.6,3,24.2,28.5,1.1,21.5,83.2,1008.8,9.5,2.3,4.1,24.5,24.9,5396
"31","B1206","2012DSRYT",109.5,86.4,1.1,1.2,"83.8",12.1,3.9,25.4,31.8,1.1,23.7,78.2,925.7,9.8,2.3,4.2,25.1,23,6016
"32","B1152","2012DSRYT",108.7,84,1.1,1.2,"84.5",13.7,2.6,24.1,32.1,1,23,67.7,950.9,9.2,2.3,4,24.5,23.5,5318
"33","B1207","2012DSRYT",109.4,90.7,1.1,1.2,"84.3",12.8,3.9,24.8,30.2,1.2,24.4,78.5,1005.5,9.7,2.3,4.2,24.6,25.1,5620
"34","B1208","2012DSRYT",102.9,86.4,1.7,1.2,"80.3",13,2.9,22.9,30,1.1,22,73,964.6,9.3,2.3,4.1,23.5,23.2,4784
"35","A1307","2012DSRYT",105.7,85.9,1.1,1.3,"82.6",12.4,3.8,23.2,31.2,1.3,25.7,82.7,1003.9,9.2,2.3,4.1,23,24.1,5094
"37","A1309","2012DSRYT",109.3,86.9,1.1,1.3,"85.5",11.8,3.5,23.6,29.8,1.3,25.1,84.9,955.2,9.3,2.3,4,23.3,23.3,5794
"38","A1310","2012DSRYT",106.5,88.3,1.1,1.2,"82.8",12.6,3.4,23.8,30.8,1.4,27.3,87.2,1092.2,9.1,2.3,4,22.8,25.7,6017
"39","A1313","2012DSRYT",100,86.9,1.1,1.2,"76.4",13.5,3.4,24,30.8,1.2,24.3,71.8,996.1,9.4,2.2,4.3,20.8,23.7,4577
"40","A1314","2012DSRYT",107.6,85.4,1.1,1.3,"82.9",12.2,2,24.6,28.9,1.3,24.9,75.3,907.4,9.9,2.3,4.4,26.6,23.3,4260
"41","A1311","2012DSRYT",99.1,75.9,1.1,1.2,"77.7",12.1,2.8,22,29.5,1.3,24.6,86.1,999.2,9.4,2.3,4.1,22.4,23.2,4547
"42","A1312","2012DSRYT",110.5,85.9,3.2,1.3,"86.5",12.6,4.1,23.7,33.2,1.1,25,70.9,901.6,9.3,2.2,4.3,23.2,21.4,5617
"44","B1209","2012DSRYT",102.9,87.8,2.2,1.2,"79.8",12.7,2.2,23.4,29.3,1.1,22.6,80.5,1011.4,9.4,2.3,4.1,21.9,23.6,5009
"45","B1210","2012DSRYT",103.1,87.4,1.1,1.2,"80.8",13.1,2.6,22.6,29.8,1.1,21.8,76.6,1018.7,9.2,2.3,4,24.4,25,4823
"46","B1103","2012DSRYT",108,77.4,1.1,1.2,"84.1",12.8,3.7,23.9,31.8,1.2,25.5,90,1127.3,9.3,2.3,4,23.3,27.8,4888
"47","B1153","2012DSRYT",109.3,86.4,1.1,1.2,"87.2",13,3.3,22,27.6,1.1,20.2,79.1,1029.4,9.3,2.2,4.4,23.4,24.4,4738
"48","B1005","2012DSRYT",94.4,81.2,1.1,1.2,"73.5",13,1.8,21.8,22.8,1,16.4,70,934.1,9.1,2.3,3.9,22.8,22.1,5607
"49","B1104","2012DSRYT",108.2,79.3,1.1,1.2,"83.9",12.5,3.1,24.3,32.4,1.1,24.8,88.3,1069.3,10,2.4,4,29.7,28,5977
"50","B1105","2012DSRYT",104.6,80.2,1.1,1.2,"82.5",12.2,2.2,22.4,30.4,1.3,24.8,84,975.5,9.5,2.3,4.1,23.8,24.3,5451
"51","B1055","2012DSRYT",104.2,82.6,1.1,1.2,"81",13.6,2.4,23.4,30.1,1,21.5,68.1,958.1,10,2.3,4.4,25.1,24.5,5100
"52","B1106","2012DSRYT",99.1,80.7,1.1,1.2,"75.3",12,4.5,24.3,30.3,1,21.9,76.8,897.1,10.4,2.3,4.6,23.8,21.5,5293
"54","B1107","2012DSRYT",108.4,85.4,1.1,1.2,"82.9",12.5,3.1,25.4,29.6,1.2,23.2,94.2,1113.7,10.4,2.2,4.9,25.1,28.3,4891
"55","B1056","2012DSRYT",105,77.4,1.1,1.2,"82.2",13.1,3.3,22.9,28.2,1.1,21.6,75.7,1006,9.9,2.2,4.5,22.8,24.2,5089
"56","B1108","2012DSRYT",99.9,83.5,1.1,1.2,"77.8",12.7,3,22.7,27.1,1.1,21,70.7,910.1,9.5,2.3,4.2,24.9,22.7,5440
"57","B1211","2012DSRYT",110.4,86.4,1.1,1.2,"86.1",13,2.2,24.1,28.7,1.2,23.2,74.1,981.4,9.8,2.2,4.6,23,23.4,3875
"58","A1264","2012DSRYT",91.5,76.9,1.1,1.3,"70.3",12.2,2.2,22.2,25.5,1.1,19.5,86.7,991.6,9.7,2.3,4.3,23.9,24.4,5319
"59","A1265","2012DSRYT",104.5,83.1,1.1,1.2,"81.8",12.2,2.4,22.9,29.9,1.1,21.9,73.5,896.5,9.7,2.3,4.2,24.3,22,4689
"63","A1316","2012DSRYT",107.7,81.2,1.1,1.2,"82.7",12,3.1,24.9,31,1.2,24.1,76.8,905.5,10.3,2.4,4.4,27.5,23.6,5601
"64","A1269","2012DSRYT",106.7,82.1,1.1,1.2,"83.8",12.6,2.9,23,29.9,1.1,22.5,80.2,999.8,9.5,2.3,4.1,22.1,23.6,5280
"65","A1273","2012DSRYT",108.5,80.2,1.1,1.2,"83.2",12.3,3.3,25.1,31.6,1.2,24.9,81.5,972,10.1,2.4,4.2,27.8,26.1,5137
"66","A1274","2012DSRYT",94.9,77.4,1.1,1.2,"71.7",12.8,2.7,24,28.1,1.1,21.6,85.1,1069.9,9.3,2.3,4.1,23.8,26.1,6745
"67","A1275","2012DSRYT",100.7,80.7,1.1,1.3,"79.4",13.1,3.1,21.8,26.7,1,19.3,74.5,993.1,9.9,2.4,4.2,26.4,25.6,5058
"68","A1276","2012DSRYT",109.2,79.7,2.2,1.2,"85",13.5,3.6,24.1,28.8,1.2,23.6,82.4,1120.4,9.8,2.4,4,27,29.8,5298
"69","A1279","2012DSRYT",95.4,85.9,1.1,1.2,"71.9",12.1,2.2,24.2,34.3,1.1,26,71.5,871.6,9.6,2.2,4.4,21.7,20.3,3820
"71","B1155","2012DSRYT",106.1,83.1,1.1,1.2,"81.8",12.9,2,24.4,31.3,1.4,27.5,83,1063.5,9.7,2.4,4,26.1,27.6,4369
"72","B1057","2012DSRYT",101.2,78.3,1.1,1.2,"77.7",12.3,3.7,23.9,30.8,1.2,24.6,83.2,1037.4,9.9,2.4,4.2,24.8,25.9,4990
"73","B1157","2012DSRYT",109.7,84.5,1.1,1.3,"80.9",12.3,2.4,25.2,28.4,1.3,23.8,91.8,951.6,10,2.4,4.1,27.1,24.7,4374
"74","B1011","2012DSRYT",118.6,92.1,1.1,1.2,"94.6",13.2,3.1,23.3,31.7,1.3,26.8,80.3,1064.2,9.6,2.4,4,25.7,27.1,4777
"75","A1267","2012DSRYT",104.9,77.8,1.1,1.2,"82",13.8,4.4,23.1,26.4,1,19.4,81.8,1149.1,9.6,2.3,4.2,25.6,29.3,5964
"76","A1272","2012DSRYT",93.4,76.4,1.1,1.2,"70.7",13.4,2.6,23.6,28.3,1,19.9,76.3,1054.2,9.7,2.2,4.3,25.4,26.5,5282
"77","A1270","2012DSRYT",107,82.6,1.1,1.2,"83.9",12.7,2.9,23.1,30.2,1.2,24.2,84.3,1058.5,9.4,2.3,4.1,22.8,24.7,5213
"78","A1277","2012DSRYT",107.2,81.6,1.1,1.2,"83.9",12.8,4.1,23.3,28.2,1.2,22.1,80.9,1030.2,9.9,2.5,4,25.9,26.8,5955
"79","A1321","2012DSRYT",108.3,90.2,1.1,1.2,"85.4",12.8,2.4,22.8,29.8,1.1,22.7,85.7,1093.5,9.5,2.3,4.2,24.1,26.9,5098
"80","A1317","2012DSRYT",111.1,87.4,1.1,1.2,"86.7",12.7,5.1,24.1,27.7,1.1,20.4,74.8,954.7,9.8,2.3,4.2,25.5,22.9,4925
"81","A1318","2012DSRYT",113.3,85,1.1,1.3,"89.3",12,4.1,23.6,26.5,1,19.2,78,913.6,9.5,2.2,4.3,25.1,22.7,5388
"82","A1319","2012DSRYT",118.4,85,1.1,1.2,"92.8",12.3,5,24.9,29.1,1.1,21.4,83.3,993.2,9.8,2.3,4.2,25.5,24.6,4826
"83","A1320","2012DSRYT",109.8,93.5,1.1,1.2,"87.2",12.6,3,22.5,28.5,1.2,22.4,66.6,856.5,9.5,2.3,4.2,23.7,21.5,4294
"84","A1268","2012DSRYT",101.7,79.7,1.1,1.3,"78.5",13.1,3.6,23.6,30,1.2,23.4,66.6,904.8,10,2.4,4.3,26.8,23.3,5524
"85","B1216","2012DSRYT",107.4,84,1.7,1.2,"83.4",12.4,2,24,29.6,1.2,23,71.7,896.1,10.3,2.3,4.5,25.5,22.2,3797
"86","B1007","2012DSRYT",103.7,76.4,1.1,1.2,"81.4",13.3,3.2,22.6,25.6,1,18.4,71.6,973.6,10,2.3,4.3,26.7,25,5143
"89","B1008","2012DSRYT",85.1,78.3,1.1,1.2,"64.5",13.3,2,22.1,28.9,1.1,22.1,85.9,1091.6,8.9,2.2,4,20.9,24.5,4572
"90","B1009","2012DSRYT",91.3,78.3,1.1,1.2,"70.6",13.2,2.7,21.8,28.9,1.1,22.1,74.6,1003.9,9.5,2.1,4.6,22.6,24.1,4953
"91","B1158","2012DSRYT",104.6,85.4,1.1,1.2,"82.7",12.7,2.5,22.1,27.3,1.2,21.8,81.4,1019.8,9.9,2.4,4.1,25,25,4341
"92","B1159","2012DSRYT",108.6,87.8,1.1,1.2,"85.5",14.1,3,23.1,28.6,1.1,21.5,70.7,1035.5,9.5,2.3,4.1,23.7,25.2,4378
"93","B1160","2012DSRYT",96.3,77.8,2.2,1.2,"73.4",12,2.5,23.6,27.4,1.2,22,83.6,952.1,9.7,2.4,4,25.1,24.4,5315
"94","B1110","2012DSRYT",113.1,84.5,2.7,1.2,"89.8",12.4,2.7,22.9,25.9,1.3,21.8,72.1,888,9.4,2.3,4.1,25.4,22.2,5342
"95","B1111","2012DSRYT",113.5,86.9,1.1,1.2,"89.5",11.8,2.2,23.6,29,1.4,26,89.5,989.6,9.5,2.4,4,25.4,25.3,4651
"96","B1161","2012DSRYT",102.3,84,1.1,1.2,"78.5",12.2,2.3,24.2,29.5,1.3,25.1,73.5,894.5,10.1,2.3,4.5,24.5,22.5,4473
"97","B1059","2012DSRYT",108.7,79.3,1.1,1.2,"85.1",12.3,6.4,23.5,27.9,1,20,79.1,953.4,10.2,2.4,4.1,28.5,25.7,6247
"98","B1062","2012DSRYT",99.7,82.6,1.1,1.2,"77",13.1,3.1,23.2,29,1,20.6,66.5,899.2,10,2,5.1,24.4,22.2,4956
"99","B1010","2012DSRYT",101.4,78.8,1.1,1.2,"77.7",13,3.3,24.1,28.6,1.1,21.2,69.8,934,9.5,2.3,4.2,23.3,22.6,5308
"100","B1217","2012DSRYT",116.8,93.1,1.1,1.2,"92.2",12.6,2.6,24,31,1.2,24.3,87.6,1069.9,9.4,2.3,4,24.9,27,5297
"101","B1218","2012DSRYT",101,86.4,1.1,1.5,"79.5",12.6,6,22,24.4,1.2,20.2,77.2,967,9.6,2.4,4.1,23.7,22.9,4733
"102","B1219","2012DSRYT",111,86.4,1.1,1.2,"89.1",12.6,3.3,21.8,26.7,1.2,21.9,83.4,1026.3,9.5,2.2,4.3,22,24.2,5157
"103","B1220","2012DSRYT",107.7,80.7,1.1,1.2,"83.2",13.1,4.7,24.4,27.6,1,19.5,73.7,976.9,9.8,2.3,4.4,23.8,23.8,4593
"104","B1058","2012DSRYT",105,80.7,1.1,1.2,"81.4",12,4.1,23.8,28.4,1.1,21.1,93.9,1017,9.8,2.5,4.1,26,26.5,5446
"105","B1060","2012DSRYT",113.3,86.4,1.1,1.2,"88.3",12.4,1.8,24.6,26.8,1.2,21,73.9,913.9,9.5,2.4,4.1,24.9,22.5,4049
"106","B1061","2012DSRYT",100.8,85.4,1.1,1.2,"79.4",11.7,2,21.8,25.8,1.3,21.5,74.2,857.9,9.7,2.5,3.8,25.8,21.8,3828
"107","B1012","2012DSRYT",100.2,77.8,1.1,1.2,"78",12.1,4.3,22.7,28.7,1.2,22.6,74.9,915.9,9.6,2.3,4.3,25.3,23.1,5291
"109","B1019","2012DSRYT",105.2,78.3,1.1,1.2,"81.8",13.9,2.8,23.6,29.6,1,21.1,73.4,1043.6,9.8,2.2,4.5,24.5,26.5,5688
"110","B1075","2012DSRYT",113.1,84.5,1.7,1.2,"87.4",12.5,3.4,25.3,30.6,1.1,22.9,71.8,905.5,9.9,2.2,4.6,23.5,21.8,4043
"115","A1323","2012DSRYT",96.9,91.6,1.1,1.3,"75.7",12.8,2.7,21.9,30.9,1.2,24.7,80.5,1026.3,9.7,2.3,4.3,24.9,25.9,6372
"116","A1322","2012DSRYT",98.6,85,1.1,1.3,"75.1",13.3,2.1,24.1,28.7,1.2,22.8,78.2,1042.8,9.7,2.4,4.1,24.5,25.6,5519
"117","A1282","2012DSRYT",118.7,80.2,4.3,1.2,"94.8",13.1,4.7,23.1,32.1,1,23,72.3,972.7,9.2,2.7,3.4,26.9,25.8,3698
"118","A1288","2012DSRYT",105.9,80.7,1.1,1.2,"83.2",13.2,2.5,22.8,30,1.3,24.8,75.6,1010.2,9.9,2.4,4.2,24.9,25.5,6409
"119","A1286","2012DSRYT",106.5,76.9,1.7,1.3,"83.5",13.9,3.6,23,27.8,1.1,20.3,71.4,1028.2,9.6,2.3,4.2,24,25.2,4971
"120","A1285","2012DSRYT",99.4,77.8,2.7,1.3,"96.6",12.7,3.2,23.6,29.8,1.3,24.6,77.7,1021.9,9.6,2.3,4.3,25.6,25.8,5253
"121","A1330","2012DSRYT",116,91.6,1.1,1.3,"91.6",12.1,2.2,23.9,30.5,1.5,28.3,86.5,996.8,9.7,2.2,4.5,22.8,23.7,5491
"122","A1326","2012DSRYT",107.8,82.1,2.7,1.2,"83.6",12,4,24.1,32.7,1.1,24.6,78.5,912.6,9.2,2.3,4,23,22.2,4952
"123","A1266","2012DSRYT",88,78.3,1.1,1.3,"67.5",12,3,21.9,29.5,1.3,24.3,81,938.7,9.7,2.2,4.4,25.4,22.9,5026
"124","A1324","2012DSRYT",132.3,90.7,4.8,1.3,"104",13.2,1.6,26.5,36.7,1.2,29,72.1,987.9,10,2.3,4.5,26.2,25.4,4229
"125","A1281","2012DSRYT",111.1,77.8,1.1,1.2,"88.2",12.8,2.2,22.7,24.6,1.2,20.1,75.7,972.7,9.6,2.3,4.2,24.2,23.9,4898
"126","A1292","2012DSRYT",100.2,83.5,1.1,1.2,"76.7",12.7,2.2,23.9,30.6,1.1,22.7,63.7,859.9,9.4,2.4,4,25.5,21.8,5589
"127","A1280","2012DSRYT",101.8,77.8,1.1,1.2,"78.8",11.6,2.9,23.3,30.1,1.2,23.3,86.3,932.1,9.7,2.3,4.2,24.1,23.5,4993
"128","A1289","2012DSRYT",114.2,80.2,4.3,1.2,"87.4",12.2,4.5,26.2,30.2,1.1,23,74.2,898,10.1,2.3,4.5,24.3,21.7,4780
"130","A1293","2012DSRYT",99.3,79.7,1.1,1.2,"77.7",13,3.9,22.2,29,1.1,21.5,77.7,1019.2,8.5,2.4,3.6,22.4,23.9,4854
"131","M1428","2012DSRYT",97.7,76.4,1.1,1.2,"76.5",12.5,3.2,21.9,25.5,0.9,17,77,957,9.2,2.3,4,23.7,23.4,5580
"132","A1291","2012DSRYT",97.9,82.1,3.2,1.2,"74.9",13.1,2,23.7,30.7,1.1,22.5,77.2,1024.7,9.9,2.2,4.5,23.7,24.9,5095
"133","A1290","2012DSRYT",104.2,79.3,1.1,1.2,"80.8",13.4,2.9,23.6,28.5,1.1,21.5,82,1111.8,9.7,2.3,4.2,24.1,27.2,4996
"134","A1284","2012DSRYT",104,82.6,1.1,1.2,"78.5",12.5,3.2,25.6,32.4,1.1,23.5,70.2,880.4,10.6,2.3,4.7,26.2,22.9,4617
"135","A1329","2012DSRYT",113,89.7,1.1,1.2,"88.2",12.4,3.2,24.3,32,1.2,25.8,78.9,967.7,10,2.3,4.4,25.5,24.7,5718
"136","A1328","2012DSRYT",107.3,87.8,1.1,1.2,"82.9",11.9,3.7,24.4,29.2,1.2,23,80.3,921.5,9.6,2.4,4,27.2,24.1,6101
"137","A1271","2012DSRYT",100.2,77.4,1.1,1.2,"77.2",12.9,2.9,23.5,29.3,1,20.8,77.8,1008.9,9.7,2.2,4.4,24.4,25.1,6088
"138","A1278","2012DSRYT",102.5,80.2,1.1,1.2,"82.4",13.8,6.4,20.6,27.4,1,19.5,72.3,1035.4,9.1,2.2,4.2,24,25.2,5714
"139","A1325","2012DSRYT",106.6,84.5,1.1,1.3,"83.5",12.3,4,23.1,29.3,1.2,23,76.1,927.1,9.7,2.3,4.2,24.7,23.2,4879
"141","A1283","2012DSRYT",106.6,81.6,1.1,1.2,"82.6",11.6,4.6,24.1,26.2,1,19.2,90.6,960.6,9.5,2.4,4,25.8,24.5,5495
"142","B1037","2012DSRYT",114.3,80.2,4.8,1.2,"90.1",12.2,3.8,23.8,28.1,1,20.2,77.8,938,9.6,2.4,3.9,25,23.7,4305
"143","B1035","2012DSRYT",112.4,80.7,1.1,1.2,"85.9",12.5,2.9,26.1,29.3,1.2,23.9,95.5,1133.7,9.8,2.4,4.1,25.5,29.4,5219
"144","B1034","2012DSRYT",109.3,77.8,1.1,1.2,"84.7",12.2,3.2,24.4,28.9,1.1,21.7,75.3,907.9,9.3,2.3,4.1,25.8,23,5339
"145","B1227","2012DSRYT",113.2,91.2,1.1,1.2,"88.6",12.7,2.9,24.2,30.7,1.1,23.4,71.3,918.4,9.7,2.3,4.3,25.6,23.2,4831
"146","B1085","2012DSRYT",101.9,85.9,1.1,1.3,"79.3",12.6,3.9,22.9,30.5,1.2,23.8,78.6,988,9.4,2.2,4.4,19.6,21.9,4446
"148","B1032","2012DSRYT",111.6,82.1,2.2,1.2,"85.4",12.3,2.6,25.9,30.4,1.2,24.2,78.1,946.7,10.3,2.2,4.6,25.2,23.9,4322
"149","B1028","2012DSRYT",129.8,78.3,5.3,1.2,"104",14,4.1,24.3,34,1.1,25.5,74.9,1081.9,9.2,2.4,3.9,24.4,26.6,5193
"150","B1165","2012DSRYT",110.6,85.9,3.2,1.2,"86.7",12.9,2,24,33,1.3,27.2,65.6,956.1,11.1,2.3,4.9,24.2,23.2,4465
"152","B1122","2012DSRYT",104.2,85.4,1.1,1.2,"82.5",12.3,2.1,22,29.9,1.2,24.3,84.2,998.9,9.7,2.4,4.1,23.2,24.2,4037
"153","B1163","2012DSRYT",122.4,91.2,1.1,1.2,"95.2",12.9,2.6,26.2,33.3,1.1,25,76,989.8,9.8,2.2,4.5,25.5,25.3,4668
"154","B1036","2012DSRYT",109.7,80.2,1.1,1.2,"84.8",12.1,2.5,24.7,30.6,1.1,22.7,80,942.7,9.6,2.4,3.9,26.5,24.7,5409
"156","B1080","2012DSRYT",107.2,83.5,1.1,1.2,"80.3",12.3,2.4,24.5,30.4,1.3,24.6,81.2,942.4,10,2.2,4.8,22.8,23,4296
"157","B1223","2012DSRYT",97.7,90.2,1.1,1.3,"77.1",13,1.7,21.3,26.3,1.2,20.8,69.3,931.8,9.4,2.4,4,24.5,22.7,3781
"159","M1370","2012DSRYT",111.6,80.2,1.1,1.2,"88.8",12.3,3.8,22.5,29.6,1.3,25,81,976.2,10.1,2.3,4.4,25.9,25.2,4962
"160","B1166","2012DSRYT",108.8,91.2,1.1,1.2,"84.1",12.1,2.4,24.6,30.6,1.1,22.7,78,926.7,9.6,2.3,4.1,22.8,23.5,6068
"161","B1082","2012DSRYT",115.2,94.5,1.1,1.2,"90.6",13.9,2.3,24.1,30.5,1.1,23.2,76.6,1095.9,9.6,2.3,4.3,24.6,27.5,5818
"162","B1235","2012DSRYT",110.4,88.8,1.1,1.2,"87.2",12.7,4,23,28.9,1.2,22.6,75.4,959.4,10.2,2.3,4.6,25.4,24.5,5406
"163","B1231","2012DSRYT",110.2,90.2,1.1,1.2,"86.5",12.3,4.9,23.5,30.4,1.2,23.4,69.8,867.2,9.8,2.4,4.2,25.3,21.5,4054
"164","B1230","2012DSRYT",111.9,93.5,1.1,1.2,"88",12.8,4.4,23.6,32.6,1.2,25.4,75.9,981.9,10.1,2.1,4.9,24.6,24.4,4175
"165","B1229","2012DSRYT",106.8,88.8,1.1,1.2,"81.7",13.5,4.6,25.1,31.7,1.1,23.3,81.9,1120.4,10.8,2.2,5,24.3,28.1,5051
"166","B1228","2012DSRYT",101.9,92.6,1.1,1.2,"81.8",12.6,4.6,20.5,26.2,1.2,20.8,72.5,921.9,9.4,2.3,4.2,23.2,21.7,4045
"169","B1225","2012DSRYT",106,93.1,1.1,1.2,"80.6",12.2,2.1,25.5,30.3,1.4,26.6,77.5,927,10.7,2.4,4.5,26.2,24.3,4885
"170","B1164","2012DSRYT",114.1,94,1.1,1.2,"90.4",10.9,3.7,23.2,32.9,1.2,26.6,67.6,734.1,10,2.2,4.7,24.5,17.2,3277
"171","B1083","2012DSRYT",99.3,78.3,1.1,1.2,"78.5",12.6,2.9,21.4,26.6,1.2,21.7,80,996.7,9.3,2.3,4.1,24.3,24,4821
"172","B1018","2012DSRYT",94.6,76.9,1.1,1.2,"73.2",12,3,22.3,28,0.9,19.1,69.9,835.5,10.3,2.2,4.8,24.5,19.8,4654
"173","B1017","2012DSRYT",92.3,78.8,1.1,1.3,"70.8",15,4.4,22.5,27,1.1,20.3,66.8,1060.2,10,2.4,4.2,25.6,26.4,5351
"174","B1065","2012DSRYT",87.9,79.7,1.1,1.3,"66.5",13.3,2.4,22.7,27.1,1,19.5,71.6,959.5,10.5,2.3,4.8,20.6,21.6,3384
"175","B1016","2012DSRYT",109.2,87.8,1.1,1.2,"85.5",13.4,2.7,23.6,27.8,1,20.2,71.5,984.5,10,2.3,4.4,25.3,24.8,4421
"176","B1039","2012DSRYT",99,79.7,1.1,1.2,"74.8",12.6,2.8,24.7,31,1.1,22.9,78.2,958.6,9.8,2.3,4.3,23.4,23,4725
"177","B1038","2012DSRYT",100.8,77.4,1.1,1.3,"75.9",13.3,2,25.2,29.5,1.1,22,80.2,1079.4,10.6,2.3,4.6,25.9,28,5686
"178","M1371","2012DSRYT",105.3,79.3,1.1,1.2,"83.4",12.5,2.2,22.1,26,1.1,19.5,76,946,10.1,2.2,4.7,24.5,22.6,4084
"180","B1033","2012DSRYT",110.1,79.7,1.7,1.2,"87.3",12.6,5.1,22.7,30.4,1.1,22.7,76,955.8,9.5,2.3,4.2,26.6,24.9,5475
"182","B1234","2012DSRYT",114.6,89.3,1.1,1.2,"92.1",13.2,5,22.1,27.7,1,19.8,75.6,1010.6,9.7,2.2,4.4,23.5,24.1,4639
"184","B1233","2012DSRYT",97.9,89.3,1.1,1.2,"74.6",13,2.2,23.8,30,1.1,22.9,83.8,1083.7,9.5,2.3,4.1,25.3,28.6,4174
"185","B1232","2012DSRYT",108,91.2,1.1,1.2,"83.2",13.6,2,24.7,30.2,1.2,23.3,84.4,1161.8,9.8,2.4,4,24,28.6,4799
"186","B1086","2012DSRYT",113,88.3,1.1,1.2,"90.3",13.1,4,22.4,27.4,1,19.5,76.6,1017,9.7,2.4,4.1,24,24.9,5036
"187","M1383","2012DSRYT",100.4,80.7,1.1,1.2,"78.5",13.5,5.2,22.4,27.8,1,19.4,78.6,1062.5,9,2.3,3.9,23.2,25.6,5157
"188","B1014","2012DSRYT",99.7,80.2,1.1,1.2,"76.5",12.8,2.8,23.7,29,1,21,78.5,1012.1,9.5,2.4,4.1,23.7,24.7,5049
"190","B1064","2012DSRYT",90.6,83.1,1.1,1.2,"67.5",12,1.8,24.2,28.7,1,20.5,80.5,932.9,9.8,2.1,4.7,20.6,23.9,4631
"191","B1066","2012DSRYT",103.7,82.6,1.1,1.2,"80.7",12.5,2.3,23.2,28.1,1.2,21.7,81.1,1000.3,9,2.3,4,22.7,23.5,4805
"192","B1067","2012DSRYT",105.5,80.7,1.1,1.2,"81.8",12.3,2.8,23.8,28.3,1,20.2,74.2,913.9,9.2,2.3,4.1,22,21.4,5445
"193","B1068","2012DSRYT",102.9,82.1,1.1,1.2,"80.4",12.7,4.2,22.9,29.5,1,21,77.8,986.8,9.7,2.2,4.4,23,23.3,5055
"194","B1069","2012DSRYT",98,79.3,1.1,1.2,"76.2",12.5,2.1,23.4,29.5,1.2,23,80.6,986,9.4,2.3,4.1,22.6,23.3,4376
"195","B1070","2012DSRYT",99.1,83.1,1.1,1.2,"75.1",12.2,1.9,24.5,29.1,1.1,21.7,87,1013,9.4,2.2,4.4,21.7,24,6361
"196","B1071","2012DSRYT",87.9,84,1.1,1.2,"67.5",14.3,2.2,21.7,28.2,1.2,21.9,70.6,1051.7,9.7,2.1,4.7,20.9,23.5,4811
"197","B1072","2012DSRYT",83.9,82.1,1.1,1.2,"64.9",13.4,3.3,20.6,30.6,1,21,67.3,933,9.6,2.2,4.3,23.1,22.4,4594
"198","B1073","2012DSRYT",100.8,85,1.1,1.2,"78",13.6,3.8,23.2,30.3,1,21.8,76.9,1068.1,9.6,2.3,4.3,20.7,24.4,5007
"199","B1074","2012DSRYT",105.5,81.6,1.1,1.2,"81.2",13.2,3.1,24.4,32.2,1,23.1,84.9,1123.2,9.5,2.3,4.2,23,27,5238
"200","B1076","2012DSRYT",97.7,82.1,1.1,1.2,"74.8",12.6,2.4,23.6,28.7,1,20.5,72.5,926,9.8,2.1,4.7,22.7,21.7,4911
"201","B1113","2012DSRYT",91.7,83.1,1.1,1.2,"69.2",13.2,3.3,23.2,30.3,1.2,23.2,74.5,1042.4,9.4,2.1,4.7,21.7,24,4639
"202","B1114","2012DSRYT",100.8,84.5,1.1,1.2,"78",12.7,3.1,23.2,28.1,1,19.8,75.4,962.6,9.6,2.1,4.7,22.5,21.9,3814
"204","B1116","2012DSRYT",96.5,85.9,1.1,1.2,"75.9",12.9,3.2,23,27.5,1.1,20.7,76.7,985.9,10,2.1,4.9,22.8,23.3,5067
"205","B1117","2012DSRYT",97.3,81.2,1.1,1.2,"76.1",13.7,2.4,21.9,26.9,1,19.5,71.1,1006.9,9.9,2.2,4.5,22.6,23.6,4614
"206","B1118","2012DSRYT",99.3,77.4,1.1,1.2,"74.8",13.6,2.6,25,31.2,1.1,23.1,82.5,1135.2,9.7,2.2,4.4,22.9,27.7,6235
"207","B1119","2012DSRYT",111,91.6,1.1,1.2,"87.4",12.7,4.1,23.3,31,1.2,24.6,51.5,709.1,10.1,2.2,4.6,24.5,18,2389
"208","B1120","2012DSRYT",97.1,82.6,1.1,1.2,"76.1",13.2,2.3,21.7,27.6,1.2,22,78.5,1034.8,9.5,2.1,4.7,22.1,24.2,5099
"209","B1121","2012DSRYT",104.2,83.1,1.1,1.2,"81.6",13.1,3.9,22.8,27.1,1,19.6,71.8,963.6,10,2.1,4.9,21.9,22.2,2826
"210","B1222","2012DSRYT",107.5,81.6,1.1,1.2,"85.3",13.1,4.1,22.2,29.1,1.1,22.2,76.7,1019.2,9.9,2.3,4.3,24.2,25.1,5237
"212","B1224","2012DSRYT",111.5,88.8,1.1,1.2,"88.4",14.2,3.8,22.8,29,1.1,22,81.8,1200,9.6,2.3,4.2,24.7,29.8,5999
"213","B1078","2012DSRYT",98.2,81.6,1.1,1.2,"74.6",11.9,2.1,24.2,30.5,1.1,22.8,72.2,851.3,9.4,2.2,4.3,22.9,19.9,4002
"214","B1124","2012DSRYT",99.5,85.4,1.1,1.2,"78",12.6,2.8,22.1,27.4,1.1,20.3,63.8,830,9.7,2.3,4.3,24.5,19.9,3821
"215","B1125","2012DSRYT",100.4,79.7,1.1,1.2,"80",12.2,3.2,21,28.8,1.3,24.3,75.9,905,9.9,2.3,4.5,24.1,21.8,4423
"216","B1126","2012DSRYT",113.6,95,1.1,1.2,"91.5",13,2.1,21.8,25,1.2,20.2,77.5,1017.1,9.5,2.4,3.9,25.1,25.4,5197
"218","B1022","2012DSRYT",103.5,79.3,1.1,1.2,"81",12.6,3.5,22.7,29.3,1.2,23.3,78.6,980.5,9.7,2.2,4.4,24.8,24.8,5252
"220","B1024","2012DSRYT",93.5,80.2,1.1,1.2,"73.5",15.3,3.4,21,27.1,1.2,21.3,84.5,1216.5,9.6,2.3,4.1,25.7,31.3,6537
"221","B1025","2012DSRYT",99.2,77.8,1.1,1.2,"77.3",13.7,2.4,22.5,28.5,1.2,22.7,74.4,1038.7,9.8,2.4,4.1,26.3,26.9,5379
"222","B1026","2012DSRYT",97.3,78.3,1.1,1.2,"76.6",13.3,3.1,21.5,27.3,1.2,21.3,80.7,1083.3,9.4,2.4,4,25.6,27.3,6280
"223","B1027","2012DSRYT",97.5,78.3,1.1,1.5,"77.4",13.4,3.6,20.8,27.5,1.2,21.6,71.6,988.4,9.7,2.3,4.2,24.6,24.7,6392
"224","B1029","2012DSRYT",118.6,87.8,1.1,1.2,"95.3",12.1,2.3,22.6,32.2,1.2,26.2,82.3,967.1,9.5,2.3,4,23.7,23.8,6119
"225","B1031","2012DSRYT",108,81.2,1.1,1.3,"85",13.7,6,23,32.8,1.1,24.2,71.2,1013.6,9.9,2.4,4.2,25.9,26.3,5120
"227","B1084","2012DSRYT",105.2,84,1.1,1.2,"82.4",13.6,3.7,23,27.1,1.1,20.5,69.2,967.3,9.7,2.4,4,27.1,25.2,4365
"228","B1112","2012DSRYT",102.4,87.4,1.1,1.2,"80.6",13.2,2.3,22.2,30.1,1,21.6,80.6,1075.6,9.7,2.2,4.6,20.5,23.5,5118
"231","A1331","2012DSRYT",103.5,84.5,1.1,1.3,"79.6",12,2.6,24.2,25.4,1,18,72.7,867.7,9.8,2.3,4.3,26,21.9,5594
"232","A1332","2012DSRYT",100.9,88.3,1.1,1.2,"77.3",12.1,2,24.1,29.9,1.2,23.2,78.4,930.7,9.4,2.3,4.1,24.3,22.8,4238
"233","A1333","2012DSRYT",105.2,85.4,1.1,1.2,"80.9",12.9,1.8,24.4,28.2,1.1,21,73.3,953.4,10.1,2.3,4.5,23.5,23.2,4904
"235","A1294","2012DSRYT",105.2,77.8,1.1,1.3,"81.8",13.6,2.3,23.6,28.4,1.3,23.3,79.3,1103.1,9.8,2.3,4.3,25.3,28.2,5357
"236","A1295","2012DSRYT",98.1,78.3,1.1,1.2,"76.5",12.1,2.8,22.3,27.7,1.1,20.7,69.5,848.6,9.8,2.3,4.2,23.7,21,5216
"237","A1296","2012DSRYT",103.8,79.3,1.1,1.2,"82.4",12.8,5.1,21.8,28.9,1,20.7,76.7,982.8,9.6,2.1,4.6,21.7,22.4,4779
"238","A1337","2012DSRYT",106,85.9,1.1,1.2,"80.8",12.7,2.1,25.2,27.5,1.2,22.4,80.4,1013.7,9.8,2.2,4.6,24.4,25.2,5867
"239","A1338","2012DSRYT",108.5,82.6,1.1,1.3,"81.8",13.7,1.9,26.5,29,1.1,22.4,86.7,1202.3,10.1,2.2,4.7,24.8,29.8,6619
"240","A1339","2012DSRYT",111.3,86.4,1.1,1.2,"84.4",12.7,1.6,26.5,30.9,1.2,24.7,75.5,965.5,10.3,2.4,4.2,28.9,26.3,5947
"241","A1297","2012DSRYT",99.4,75,1.1,1.2,"75.7",12.3,3,24.2,28,1,20.3,78.7,947.9,9.4,2.3,4.1,24.3,23.2,5316
"242","A1340","2012DSRYT",115.6,83.5,2.2,1.2,"89.1",12.5,3.1,25.9,34.3,1.2,29.6,66.8,856.1,10.8,2.3,4.7,26.4,21.9,3243
"243","A1341","2012DSRYT",113.3,85.9,3.2,1.2,"89.4",13.1,4.1,23.4,31.5,1,22,62.9,859.2,9.9,2.4,4.2,25.6,21.6,4269
"244","A1342","2012DSRYT",110,82.1,1.1,1.2,"94.7",12.5,3.6,26.3,34.2,1.2,26.1,78.9,970.6,10.3,2.2,4.9,24.9,24.1,4924
"245","A1343","2012DSRYT",107.6,86.9,1.1,1.3,"83.9",12.7,4.2,23.7,27.1,1,18.8,68.5,894.2,10.2,2.1,5,24.1,21.8,4579
"247","A1335","2012DSRYT",110.9,80.7,1.1,1.2,"86.2",12.5,3.8,24.5,27.6,1.2,21.9,81.6,1001.9,9.6,2.4,4,24.4,24.4,5756
"248","A1336","2012DSRYT",107.3,82.6,1.1,1.2,"83.7",11.9,5.2,23.6,27.1,1.1,19.9,77.7,904.6,9.7,2.4,4,24.9,22.1,6312
"249","B1162","2012DSRYT",117.7,89.7,1.1,1.2,"92",13.2,3.7,25,31.6,1.3,26.3,75.2,1011.9,10.1,2.3,4.3,26.5,26,3595
"250","B1030","2012DSRYT",124.9,77.4,1.1,1.2,"99.7",12.6,3.1,24,31.3,1.4,28.4,95.9,1163.6,9.4,2.3,4,23.2,28.4,5265
"251","B1171","2012DSRYT",115.8,85,1.1,1.2,"90.6",12.1,3.4,24.6,31.7,1.1,24.1,75.3,899.9,9.9,2.4,4.1,26.4,23.3,4175
"252","B1237","2012DSRYT",112.4,84.5,1.1,1.2,"86.6",12.2,2.6,25.3,33.3,1.1,25,79,942.7,10.2,2.3,4.5,24,23.4,4347
"253","B1091","2012DSRYT",104.1,83.5,1.1,1.2,"81.7",13.3,2.3,22.7,25.9,1.1,19.5,79.6,1068,9.9,2.3,4.3,26,27.3,5125
"254","M1378","2012DSRYT",109.9,90.7,1.1,1.2,"89.1",11.8,2.6,20.7,25.7,1.1,19.2,60.4,747.8,9.1,2.7,3.3,24.5,19.7,3200
"256","B1167","2012DSRYT",114.2,81.6,1.1,1.2,"90.1",11.8,2.9,23.7,31.2,1.3,25.6,92.3,1013.7,9.8,2.3,4.2,24.5,25.3,6050
"258","B1168","2012DSRYT",105.8,87.4,1.1,1.2,"83.5",12.6,5,22.4,27.9,1.1,21.4,75.8,960.8,9.6,2.3,4.1,23.3,23.5,3907
"259","B1169","2012DSRYT",109.3,80.2,1.1,1.2,"86",12.7,2.5,23.2,28.5,1.2,22.7,70.4,909.7,9.9,2.3,4.4,26.4,23,3575
"260","B1170","2012DSRYT",108.7,87.4,1.1,1.2,"85.1",11.7,2.6,23.5,31.3,1.3,26.4,68.3,807.7,9.9,2.4,4.2,26.4,20.1,3613
"261","B1088","2012DSRYT",104.7,80.7,1.1,1.3,"82.2",12.4,2.7,22.7,27.3,1.2,21.6,78,947.5,9.9,2.3,4.4,23.1,23.1,5051
"262","B1236","2012DSRYT",107.4,87.4,1.1,1.2,"84.6",12.2,3.4,22.8,29.2,1.2,22.7,82.3,973.5,9.8,2.3,4.3,23,22.9,4979
"263","B1093","2012DSRYT",102.8,81.6,1.1,1.2,"79.4",12.3,2.2,23.6,29.9,1.2,23.5,70.6,878.4,9.7,2.3,4.2,23.7,21.8,5114
"264","B1172","2012DSRYT",116,88.3,1.1,1.2,"90.6",12.3,2.3,24.8,29.4,1.2,23.6,77.4,941.9,9.7,2.3,4.3,27,24.3,3474
"265","B1094","2012DSRYT",118.9,86.9,1.1,1.2,"93.3",12.2,5.6,24.8,31.9,1.6,30.6,92.8,1073.1,9.6,2.3,4.2,24.1,26.5,5372
"268","B1040","2012DSRYT",115.3,84,2.7,1.2,"91.3",12.5,3,23.4,28.6,1.1,21,72,905.9,10.2,2.1,4.8,21.8,21.4,3458
"269","B1238","2012DSRYT",111.1,88.8,1.1,1.2,"87.6",12.9,2.4,23.3,29.8,1.2,24.3,79.6,1020.5,9.7,2.4,4,29,28.1,5150
"270","B1173","2012DSRYT",127.7,86.9,1.7,1.2,"99.5",11.7,2.4,26.8,29.5,1.2,22.8,83.1,925.6,9.7,2.2,4.4,22.1,21.6,4056
"271","B1174","2012DSRYT",109.5,90.2,2.2,1.2,"84.9",12.7,3.5,24.4,32.9,1.3,27.3,86.9,1063.8,10.3,2.2,4.8,23.5,26,4588
"272","B1175","2012DSRYT",107.3,83.1,1.1,1.2,"83.4",12.4,3.9,24,29.7,1.1,22.3,85.4,1026.5,9.9,2.1,5,23,24,5187
"273","B1239","2012DSRYT",129.6,86.9,2.7,1.2,"102.3",12.7,2.2,25.8,31.2,1,21.9,72.7,935.1,9.8,2.4,4.1,26.6,23.8,4321
"274","B1240","2012DSRYT",99.6,85,1.1,1.2,"78.6",13.9,3.1,21.5,30.8,1.2,23.8,71.2,1021.3,9.4,2.3,4.2,23.9,24.9,5382
"275","B1241","2012DSRYT",114.6,83.5,1.1,1.2,"88.9",12.7,2.9,25.1,31.5,1.2,24.8,80.8,1014.2,9.4,2.3,4.2,25.5,25.8,5153
"276","B1242","2012DSRYT",107.9,83.1,1.1,1.2,"79.8",13.3,2.5,24.9,29,1.1,21.6,82.8,1049.4,9.6,2.3,4.3,24.6,26.3,4959
"277","B1243","2012DSRYT",118.4,91.6,1.1,1.2,"93",12.2,3.1,24.7,32.9,1.5,30.3,85,999,9.8,2.3,4.3,26,25.2,3473
"278","B1128","2012DSRYT",113.3,85,1.1,1.2,"90.5",11.5,3.3,22.4,28.2,1.2,22.9,78.6,869.5,10,2.1,4.9,24.5,20.8,3861
"279","B1251","2012DSRYT",105.7,76.4,1.1,1.2,"81.9",13.1,2.6,23.9,26.4,1.1,20.5,71.9,962.5,10.1,2.3,4.3,24.4,23.9,4853
"280","B1129","2012DSRYT",94.8,83.1,1.1,1.2,"71.3",13.1,2.8,24.3,27.4,1,19.8,66.6,899.2,9.8,2.1,4.7,22.1,21.1,4577
"282","B1176","2012DSRYT",104.3,89.7,2.7,1.2,"80.1",14,2.4,24.5,27.2,1,19.5,75.5,1095.1,9.6,2.2,4.4,23.6,26.6,6017
"283","B1177","2012DSRYT",101.4,93.5,1.1,1.2,"80",13,3.2,21.8,30.6,1.2,24.1,68.9,920.2,9.4,2.5,3.8,22.2,21.6,4468
"284","B1130","2012DSRYT",104.9,88.8,1.1,1.2,"79.8",12.4,2.2,25.2,31.8,1.2,25,76.7,944,9.8,2.2,4.4,23.8,23.5,4217
"285","B1244","2012DSRYT",102.8,87.4,1.1,1.2,"80.8",12.6,3,22.4,28.6,1.1,20.9,81.1,1017.1,9,2.2,4.2,21.7,23.3,4218
"286","B1179","2012DSRYT",103.7,92.1,1.1,1.2,"81.9",12.6,5.5,22.1,29.2,1.3,24.1,73.6,936.4,9.9,2.3,4.4,24.4,22.7,4441
"287","B1180","2012DSRYT",100.4,91.2,1.1,1.2,"76.4",13.3,2.1,24.4,32.2,1.3,27.8,70.8,964.7,9.5,2.3,4.2,26.2,24.9,5043
"288","B1181","2012DSRYT",95.3,89.3,1.1,1.3,"73.1",13.1,2.6,23,28.2,1.1,21.1,76.7,1012.9,9.6,2.4,4,23.8,24.8,5328
"290","B1183","2012DSRYT",121.3,89.3,1.1,1.2,"92.8",12.5,2.3,27.4,33.8,1.3,27.8,89.2,1078.2,9.8,2.4,4,25.5,27.8,5496
"291","B1245","2012DSRYT",103.7,87.8,1.1,1.2,"78.7",12.6,2.1,25.2,30.5,1.4,26.5,82.6,1024.1,9.5,2.2,4.3,24.2,24.9,4881
"292","B1246","2012DSRYT",109.6,94,1.1,1.2,"85.1",12.3,1.8,24.4,31.2,1.5,29,86.2,1033.2,9.7,2.4,4,25.4,25.3,5183
"293","B1247","2012DSRYT",114.1,88.3,1.1,1.2,"89.9",12.7,2.5,23.7,31.5,1.2,25.6,91.2,1133.5,9.2,2.2,4.2,21.7,27.1,4948
"294","B1131","2012DSRYT",101.7,90.7,1.1,1.2,"76.4",13,2.2,25.6,35.7,1.2,27.8,71.1,940.8,9.5,2.4,4,25.4,23.7,4860
"296","B1133","2012DSRYT",114.6,84,2.7,1.3,"89.3",13.2,4.5,24.7,32.3,1.2,25.8,81.4,1078.2,9.8,2.4,4.1,25.7,27.8,4212
"299","B1135","2012DSRYT",103.5,85.9,1.1,1.2,"79",12.5,3.1,24.7,32.1,1.2,25,72.6,910.8,9.4,2.3,4.2,25,22.5,3386
"300","B1136","2012DSRYT",98.6,86.9,1.1,1.2,"76.9",13.6,3.3,22.3,28.2,1,20,67.1,952,9.3,2.2,4.2,22.5,22.4,4943
"301","B1137","2012DSRYT",103,86.9,1.1,1.2,"80.8",11.1,5.1,22.5,31.1,1.1,23.3,71.7,777.1,9.7,2.3,4.3,24.5,18.9,2711
"302","B1138","2012DSRYT",101.7,85.9,1.1,1.2,"79.3",13.3,5.9,22.8,29,1,20.8,69.7,953.8,9.5,2.4,4,23.8,24.2,5547
"303","B1252","2012DSRYT",105.3,86.9,1.1,1.5,"82.1",14.3,4,23.3,28.7,1.2,23.2,86.5,1283.2,9.5,2.2,4.3,23.7,31.1,5411
"304","B1041","2012DSRYT",110.1,84,1.1,1.2,"84.1",12.5,4.2,24.3,30.6,1.1,23.4,85.5,1064.6,9.6,2.5,3.9,25.6,27.2,5452
"305","B1042","2012DSRYT",105.3,83.5,1.1,1.2,"81.5",13.2,5.6,24,27.6,1.1,21.4,89.8,1171.8,10.3,2.3,4.6,25.9,30,5440
"307","B1139","2012DSRYT",108.7,83.1,1.1,1.3,"84.1",13.4,4.9,24.5,31.5,1.1,24,79.7,1085.9,9.6,2.4,4.1,26.6,28.5,5014
"308","B1140","2012DSRYT",115.1,83.5,1.1,1.5,"87.6",11.7,3,26.8,32.2,1.3,26.4,76.6,874.8,10.3,2.5,4.2,29.1,23.9,4573
"309","B1141","2012DSRYT",106.7,85,2.2,1.2,"82.8",13.1,2.6,23.9,29.5,1.1,22.2,74.6,989.3,9.8,2.3,4.2,25.8,25.6,5445
"310","B1142","2012DSRYT",102.8,82.6,1.1,1.2,"79.5",12.6,2.6,23.6,29.9,1.3,25.3,77,962.7,9.4,2.4,3.8,26.8,25.2,6341
"311","B1143","2012DSRYT",102.7,85.4,1.7,1.2,"80.1",11.8,2.3,22.9,28,1.2,22.6,74.4,864.1,9.4,2.4,3.9,25.4,20.9,3896
"312","B1144","2012DSRYT",101.4,84.5,1.1,1.2,"78.3",12.9,2.9,23,28.1,1.3,23.1,70.5,918.8,9.5,2.4,4,24.9,23.1,5371
"313","B1043","2012DSRYT",99.2,79.3,1.1,1.2,"77.4",12,2.7,22.4,30.8,1,21.8,69.9,843.2,9,2.3,3.9,22.2,20,4877
"314","B1044","2012DSRYT",112.6,86.4,3.2,1.2,"90.5",13.6,3.1,21.9,28.7,1.2,22.9,70.9,994.1,10,2.2,4.5,23.9,24,3655
"315","B1045","2012DSRYT",106.2,83.1,1.1,1.2,"82.5",11.9,4.6,23.8,29.7,1.3,24.4,74.7,880.4,9.5,2.3,4.2,21.1,20.2,4307
"317","B1145","2012DSRYT",112.2,94.5,1.1,1.3,"87.5",11.5,2.3,24.4,31.5,1.2,25.1,77.2,855.5,9.6,2.3,4.1,23.3,20.7,4167
"318","B1146","2012DSRYT",112.2,90.7,1.1,1.2,"87.9",12.8,2.3,24,29.6,1.1,22.7,74,959.1,9.5,2.3,4.1,24.8,24.7,4757
"319","B1184","2012DSRYT",112.5,89.7,1.1,1.2,"90.2",11.7,4.6,21.9,27.5,1.3,23.3,80.7,910.4,9.6,2.4,4,24.9,22.8,4780
"320","B1185","2012DSRYT",105.4,85,1.1,1.3,"81.5",13.3,2.2,24,30.1,1.1,22.5,73.9,999.6,10,2.2,4.7,24.9,24,4920
"321","B1186","2012DSRYT",108.2,90.7,1.1,1.2,"86.3",13.1,3.9,21.9,27.7,1,20,73.4,972.9,9.5,2.4,4,23.3,23.4,4809
"322","B1187","2012DSRYT",113.8,86.4,1.1,1.2,"90",13,3.5,23.4,32.3,1.2,26.2,79.4,1034.8,9.7,2.4,4.1,26.7,27.2,5147
"323","B1188","2012DSRYT",105.8,82.6,1.1,1.2,"83.8",12.9,2.9,22.1,29.9,1.1,21.7,71.1,927.2,9.6,2.3,4.2,24.5,22.9,5526
"324","B1189","2012DSRYT",111.6,90.2,1.1,1.3,"86.7",12.7,2.1,24.6,27,1.3,22.1,77.2,985.7,9.6,2.3,4.1,25,25.2,5181
"325","B1190","2012DSRYT",117.1,89.7,1.1,1.2,"91.3",12.2,3.5,25.1,30.3,1.2,24.1,83.3,989.8,9.6,2.3,4.2,25,24.7,5863
"326","B1191","2012DSRYT",116,89.3,1.1,1.2,"90.2",12.7,2.4,25.1,30,1.1,22,74.5,958,10.5,2.2,4.8,23.2,23,4667
"327","B1192","2012DSRYT",114.7,89.3,1.1,1.2,"88.8",12.8,3,25.4,29.1,1.1,21.3,72.4,939.4,9.5,2.3,4.2,24.5,23.3,4380
"328","B1047","2012DSRYT",106.5,85,1.1,1.2,"84.4",12.8,2.9,22.2,30.7,1.2,24.8,62.7,827.1,9.3,2.2,4.2,24.5,20,4592
"329","B1193","2012DSRYT",116.3,95,1.1,1.2,"91.9",12.5,2.1,23.9,28.1,1.2,22,78.8,975.3,9.6,2.3,4.2,23.7,23.9,4246
"330","B1194","2012DSRYT",102,89.7,1.1,1.3,"78.7",12.2,2.3,23.7,31.9,1.1,24.1,76.4,918.3,9.4,2.2,4.3,23.3,21.5,4549
"331","B1195","2012DSRYT",114.3,85.9,1.1,1.2,"88.8",12.9,4.1,25,32.9,1.1,24.7,79,997.7,9.7,2.3,4.1,25.8,25.1,3783
"332","B1196","2012DSRYT",108.6,91.2,1.1,1.2,"85.5",12.2,3.9,22.3,28.3,1.3,23.5,80.4,962,9.7,2.3,4.3,24.8,24.6,5154
"333","B1197","2012DSRYT",102.5,88.8,1.1,1.2,"78.6",13,3.1,24.2,29,1.2,23.2,83.6,1083.3,9.8,2.3,4.3,26.1,27.9,5273
"334","B1147","2012DSRYT",116.2,86.4,1.1,1.2,"90.2",13,3.3,25.3,29,1.1,21.9,82,1062.9,9.8,2.4,4.2,28,28.6,6094
"336","B1051","2012DSRYT",100.2,81.6,1.1,1.2,"75.7",12.2,2,24.9,30.8,1.3,25.1,81.4,969.8,9.4,2.4,3.9,25.5,24.7,4693
"337","A1254","2012DSRYT",104.8,82.1,1.1,1.2,"80.2",12,2.7,24.7,27.5,1.3,23.5,83.5,964.2,9.2,2.4,3.9,25.1,24.1,5301
"339","A1259","2012DSRYT",97.1,76.9,1.1,1.2,"74.7",12.6,2.6,23.1,28.8,1.1,21.4,67.5,873.2,9.8,2.4,4.1,26.8,22.7,4912
"346","A1257","2012WSRYT",118.8,92.2,1.3,1.4,"94.9",12.9,4.4,23.8,29.1,1.1,21.1,98,1050.8,10.4,2.4,4.3,26.4,29.5,5118.1
"347","A1258","2012WSRYT",125,89.2,1.2,1.3,"98.7",11.8,6.8,26.8,34.8,1.2,27.6,114.7,1031.7,10.3,2.5,4.1,27.8,29,5279.4
"348","A1302","2012WSRYT",117.7,95.7,1.3,1.4,"93.3",12.5,3.9,23.9,35.3,1.1,26,117,1094,9.7,2.3,4.3,22.3,28.9,5245.1
"351","B1053","2012WSRYT",116.8,93.4,1.2,1.3,"91.9",12.9,3,24.5,28.5,1.1,20.4,97.2,1032,10.4,2.4,4.4,26.4,28.4,5280.4
"352","A1260","2012WSRYT",120.3,94.8,1.3,1.4,"96.8",12.5,4.2,23.9,33.1,1.1,23.5,111.8,1138.7,10.1,2.5,4,25.9,31,5281.4
"357","A1304","2012WSRYT",124.2,94.9,1.2,1.3,"100.3",13.7,3.8,24.5,33.4,1,23.4,90.4,1045.1,10,2.5,4,28.5,30.5,5210.8
"359","A1263","2012WSRYT",111.9,94.4,1.2,1.3,"84.4",11.4,2.3,26.1,35.6,1.1,26.8,128.9,983.9,9.2,2.7,3.4,28.1,28.6,5182.8
"360","B1201","2012WSRYT",129.3,105.2,1.2,1.3,"106.9",11.3,5.4,24,29.6,1.2,23.3,108.3,947.4,9.4,2.4,4,22,23.8,4227.8
"361","B1202","2012WSRYT",116.7,95.8,1.2,1.3,"91.3",12.5,3.5,25,29.7,1.2,23.1,97.4,1027.1,10,2.5,4.1,27.9,28.9,4862.4
"362","B1203","2012WSRYT",115.7,95.7,1.3,1.4,"90.4",12.8,2,24.2,29.9,1.1,21.8,106.7,1076,9.8,2.5,3.9,26.5,29.3,5437.1
"363","B1204","2012WSRYT",123.8,98.2,1.2,1.3,"102.6",12.7,3.6,22.2,26.2,1.1,19.1,106.9,1011.6,9.5,2.3,4.2,22.7,26.9,4470.4
"364","B1102","2012WSRYT",120.5,92.5,1.2,1.3,"97.7",11.6,7.1,23.1,31.1,1.2,24.9,120.6,1065.8,9.4,2.3,4,23.5,27.8,4963.1
"365","B1054","2012WSRYT",118.3,89.2,1.2,1.3,"95.8",13.2,3.8,22,28.8,1.1,21,94.8,1078.3,9.9,2.3,4.3,24.6,30,5815.4
"366","B1205","2012WSRYT",127.8,97.2,1.2,1.3,"103.4",11.6,3.7,25.4,31.2,1.3,26.4,103.4,992,9.9,2.4,4.2,23.9,26.8,4879.8
"367","B1151","2012WSRYT",124.5,90.4,1.3,1.4,"102.3",12.1,4.7,23.8,32,1.1,23.8,111.5,1060.9,10,2.5,4,22.7,28.7,4976.8
"368","B1206","2012WSRYT",130.6,96.6,1.3,1.4,"109.4",12.7,3.3,24.3,31.6,1.2,24.5,100.7,1049.4,10.1,2.4,4.2,26.2,29.2,5273.1
"369","B1152","2012WSRYT",124.7,96.6,1.3,1.4,"101.3",12.3,3.3,24.7,34.1,1,24,96.2,991.2,9.8,2.6,3.8,25.8,28.1,5371.8
"370","B1207","2012WSRYT",119.9,94.4,1.2,1.3,"94.2",12.8,4.6,25.6,34,1.1,25.9,103.4,1114.8,10.4,2.5,4.2,25.2,29.9,5270.4
"371","B1208","2012WSRYT",122.9,95.3,1.2,1.3,"99.9",13.1,3,23.7,31.2,1.1,22.3,107.2,1045.9,9.6,2.4,4,23.7,27.9,4690.4
"372","A1307","2012WSRYT",121.8,91.6,1.2,1.3,"98.5",12.9,4.1,23.7,30.9,1,21.8,96.1,1005.5,9.6,2.3,4.2,26.2,28.1,4968.1
"374","A1309","2012WSRYT",123.9,93.9,5.3,1.4,"99.7",13.5,4.1,25.1,34.7,1.2,27.4,118.3,1224.5,9.5,2.3,4.1,24.3,33.3,5543.4
"375","A1310","2012WSRYT",117.5,93,1.2,1.6,"92.2",12.9,3.7,24.9,32.8,1.3,27.5,113.1,1163.2,9.4,2.3,4,24.1,31.8,5616.8
"376","A1313","2012WSRYT",109.8,88.7,1.2,1.3,"84.2",14.3,4.8,24.3,31.8,1.1,23.9,94.5,1129.2,9.7,2.4,4.2,20.9,28.1,3965.4
"377","A1314","2012WSRYT",118.6,91.6,1.2,1.3,"94.1",12.8,3.1,24.5,32.1,1.1,24.1,121.7,1175.5,9.2,2.4,3.8,22.8,30.1,5541.4
"378","A1311","2012WSRYT",122.1,83.2,1.2,1.3,"99.4",12.2,5.3,23.2,33.3,1.3,28.6,108.9,1049.9,9.7,2.3,4.2,22.3,27.2,4630.1
"379","A1312","2012WSRYT",122.5,89.5,3.3,1.4,"99.4",12.8,4.4,24,32.9,1.2,26.2,105.5,1082,10.1,2.4,4.3,23.6,29.1,4617.1
"380","M1345","2012WSRYT",114.4,100,1.2,1.9,"92.1",12.2,4,22,29.1,1.2,23.5,100.8,893.7,9.5,2.4,4,25,24.9,3348.1
"382","M1351","2012WSRYT",118,93.9,1.3,1.4,"94.4",12.1,3.2,23.4,31.6,1.1,22.9,109.8,1057.3,10.4,2.4,4.3,26.8,29.6,4478.8
"383","M1352","2012WSRYT",125.6,98.2,1.2,1.6,"101.5",11.7,2.8,24.9,30.2,1.2,23.9,104.4,1016.1,10.1,2.4,4.2,28.1,29.1,4938.1
"384","M1353","2012WSRYT",121.6,92.5,2.5,1.6,"98",12.3,3.6,24,33.2,1.2,26.3,110.1,1072,10.2,2.4,4.2,26.6,30.3,5536.1
"385","M1354","2012WSRYT",120.5,90.1,3.2,1.6,"96.9",14.2,2.8,23.8,33.3,1.1,25.2,107.6,1080.5,10.3,2.4,4.3,26.8,29.9,4863.8
"386","M1356","2012WSRYT",124.6,93.4,1.2,1.9,"100.8",11.7,3,24.5,32.9,1.1,25.3,121.7,1128.4,10.1,2.6,3.9,26.4,31.5,4762.4
"387","M1357","2012WSRYT",116.9,92,1.2,1.3,"92.7",11,3.6,23.9,34.4,1.1,26.5,123.5,1037.7,10.5,2.6,4.1,27.1,29.4,5668.1
"388","M1358","2012WSRYT",121.1,94.8,1.3,1.4,"100",12.1,4.9,22.2,30.8,1.1,22.6,110.4,959.5,9.9,2.4,4.1,25.1,26.7,4438.4
"389","M1359","2012WSRYT",130.8,93.4,3.9,1.6,"108",12.5,4.4,24.5,34.3,1.2,26.9,98.4,943.9,10.4,2.5,4.1,25,27.3,4071.8
"390","M1360","2012WSRYT",116.9,93.9,1.2,1.6,"92.9",11.3,2.1,23.8,35.1,1.1,27,101.1,956.5,11.3,2.5,4.5,29.3,28.2,5166.4
"391","M1361","2012WSRYT",118.5,96.3,1.2,1.3,"95.5",13.3,2.7,23.1,27.6,1.1,19.7,112.4,1145.1,9.6,2.5,3.9,24.3,30.8,4843.8
"393","B1209","2012WSRYT",124.1,93,3.2,1.3,"101",14,7,23.8,30.9,1.3,25.8,126.2,1312.9,9.1,2.4,3.9,21.2,32.1,4370.1
"394","B1210","2012WSRYT",117.2,90.4,1.3,1.7,"*",12.6,4.3,24.2,31.7,1.2,24.5,106.8,926.1,9.4,2.3,4.1,25.1,25.5,5102.8
"395","B1103","2012WSRYT",115,88.3,1.2,1.3,"89.6",11.9,4.3,24.7,33.3,1.1,24.6,126.4,1058.1,9.3,2.3,4,25,29.2,4977.1
"396","B1153","2012WSRYT",123.3,94.9,1.2,1.3,"101.9",12.8,3.8,22.3,31.2,1.1,23.4,104.9,1111.7,9.6,2.4,3.9,24.1,28.3,4929.8
"397","B1005","2012WSRYT",109.7,86.8,1.3,1.4,"85.5",13.4,2.9,22,27.5,1.1,20.2,100.1,1102.8,8.7,2.4,3.7,22.5,28.6,5297.8
"398","B1104","2012WSRYT",133.5,91.1,1.2,1.3,"109.9",13.4,3,25.5,36,1.2,28.6,109.8,1214.5,9.5,2.6,3.7,29,35,4885.4
"399","B1105","2012WSRYT",126.3,91.6,1.2,1.3,"102.6",11.7,3,24.6,34.9,1.2,28.2,105.6,961.9,9.6,2.4,4,26.5,26.7,4808.1
"400","B1106","2012WSRYT",114.2,93,1.3,1.4,"88.1",12.5,5,24.4,31.2,1.1,22.7,111.7,1149.1,10.4,2.3,4.7,24.5,30.7,5121.8
"402","B1107","2012WSRYT",128.9,93.9,1.3,1.7,"103.7",11.8,4.1,26.9,31.2,1.2,25.7,107.1,1015.8,10.8,2.3,4.9,23.9,29.5,5249.4
"403","B1056","2012WSRYT",122.8,82.6,1.2,1.3,"98.4",14,4.7,24.8,32.4,1.1,24.4,85,995.8,9.4,2.5,3.8,25.8,26.9,5159.1
"404","B1108","2012WSRYT",117.1,93.9,1.3,1.7,"92.9",11.9,3.9,23.6,29.2,1.1,21.6,107.5,1035.2,10,2.4,4.1,25.8,28.5,5098.1
"405","B1211","2012WSRYT",122.8,93.9,1.2,1.3,"97.4",13.5,3.2,25.6,32.3,1.1,24.1,108.5,1164.5,9.9,2.4,4.2,24.8,31.2,4931.1
"406","A1264","2012WSRYT",112,88.3,1.2,1.6,"87.1",11.7,2.3,23.9,31.1,1.3,26.6,129.2,1056.5,9.1,2.3,4,24.3,28.3,5038.8
"407","A1265","2012WSRYT",120.3,93.9,1.3,1.4,"95.8",12.5,2.9,24.6,31,1.1,23.4,106.9,1066.1,9.9,2.4,4.2,26.4,29.6,5243.8
"410","A1316","2012WSRYT",117.2,87.8,1.2,1.6,"93.1",14,5.9,24,30.7,1.2,24.8,118.8,1326.5,9.6,2.4,4,25.2,36.1,5377.1
"411","A1269","2012WSRYT",125,93.9,1.2,1.3,"99.4",13.7,4.6,26.2,33.2,1.1,23.7,111.2,1273.5,10.4,2.2,4.9,25.9,33.7,5013.4
"412","A1273","2012WSRYT",122.6,89.2,1.2,1.3,"97.4",11.3,4.2,25.5,34.3,1.3,30,101.5,904.7,10.5,2.5,4.2,28.8,27.2,5004.8
"413","A1274","2012WSRYT",109.4,86.8,1.3,1.7,"82.1",13.8,4.1,24.2,31.5,1.1,24.3,103.8,1155.6,9.6,2.4,4,24.4,31.1,5746.4
"414","A1275","2012WSRYT",113.7,89.7,1.2,1.6,"90",13.3,4.1,23.1,31.5,1.2,24.5,91.2,1077.8,9.8,2.4,4.1,26.3,29.7,5018.4
"415","A1276","2012WSRYT",130.8,91.6,3.9,1.3,"107.6",12.6,6.7,24.8,32.7,1.4,30.6,105.4,1106,10,2.5,3.9,27,30.4,5409.1
"416","A1279","2012WSRYT",122.2,90.4,1.3,1.7,"96.6",11.7,2.7,25.8,38.7,1.2,30.9,117,999,9.8,2.3,4.3,23.9,27.1,4253.4
"417","M1367","2012WSRYT",121.4,101,1.2,1.3,"98.5",11.4,5.6,23.3,33.2,1.2,26.1,103.7,1026.7,9.2,2.5,3.7,24.9,27.5,4899.8
"418","B1155","2012WSRYT",117.8,90.1,1.2,1.3,"91.4",12.1,3.2,24.6,32,1.1,24.7,109.9,996.7,9.7,2.5,3.9,26.2,28.1,4701.4
"419","B1057","2012WSRYT",123,91.1,1.2,1.6,"98.7",12.5,4.8,24.8,32.4,1.2,26.9,113.6,1098.2,10.1,2.4,4.2,26.4,30.5,4109.1
"420","B1157","2012WSRYT",126.8,93,1.2,1.3,"100.7",13.3,3.5,26.8,32.1,1.2,26.2,116.4,1232,10.6,2.5,4.3,26.8,34.9,5338.1
"421","B1011","2012WSRYT",124.1,98.6,1.2,1.3,"101.9",11.9,3.7,23.1,28.2,1.1,20.5,91.5,962.9,9.9,2.4,4.2,26.5,26.4,4668.1
"422","A1267","2012WSRYT",120,89.5,1.3,1.4,"95.3",13.1,4.2,24.6,31.4,1.1,23.4,106,1119.7,9.7,2.4,4.1,25.8,30.8,5350.4
"423","A1272","2012WSRYT",116.6,89.5,1.3,1.4,"91.1",13.1,3.3,24.6,34.9,1.2,28.2,103.5,1100.7,10.1,2.5,4.2,25.9,30,5023.1
"424","A1270","2012WSRYT",122.6,93.4,1.2,1.3,"100.3",12.1,3.9,23,31.1,1.1,22.2,110.5,1080.3,9.4,2.4,4,22.9,28.1,5240.8
"425","A1277","2012WSRYT",120,90.4,1.3,1.4,"96",12.8,5.5,24.2,31.9,1.2,25.9,110.8,1137.3,9.9,2.6,3.8,26.1,31.2,5040.1
"426","A1317","2012WSRYT",125,93.9,1.3,1.7,"101",12.6,6,25.2,30.3,1,21.5,107.1,1118.4,10,2.4,4.2,26,30.3,6003.4
"427","A1318","2012WSRYT",132.8,96.3,1.2,1.3,"110.2",12.7,5.3,24.5,28.4,1.1,21,101.1,1073.3,10.2,2.4,4.3,26,29.8,4730.4
"428","A1319","2012WSRYT",120.4,95.7,1.3,1.4,"*",13,6.6,25.3,29.7,1.1,22.2,111.1,1151,9.8,2.5,4,26.2,31.8,4851.8
"429","A1320","2012WSRYT",117.4,99.3,1.3,1.4,"92.9",12.7,2.6,23.9,28.5,1.1,20.8,103.5,1057.9,9.8,2.4,4.1,24.1,28.7,4227.8
"430","A1268","2012WSRYT",116.8,91.3,1.3,1.4,"90.6",13,4.6,25,32.9,1.1,24.2,107.5,1106.2,10,2.4,4.2,26.4,30.5,5337.4
"431","M1362","2012WSRYT",110.7,95.7,1.3,1.7,"84.8",12.8,2.7,23.6,29.1,1.3,24.6,100.4,1021.2,9.7,2.4,4.1,24.6,27.6,4033.8
"432","M1363","2012WSRYT",123.6,95.7,1.3,1.7,"98",11.8,2.3,26.1,33.7,1.3,28.9,109.2,973.2,9.5,2.4,3.9,22.5,27.2,4826.8
"433","M1347","2012WSRYT",117.2,93.4,1.2,1.3,"94.7",13.3,3.1,22.6,30.9,1,21.8,98.3,1065.9,10.1,2.3,4.4,24.6,28.9,4146.8
"434","M1364","2012WSRYT",120.5,91.3,1.3,1.4,"95.9",13.2,3,24.7,34.7,1.1,26.2,115.6,1148.6,10,2.3,4.3,25.5,30.8,4366.4
"435","M1365","2012WSRYT",111.8,83.2,1.3,1.7,"85.2",12.4,2.5,24.3,29.3,1.1,21.1,101.5,1028.3,10,2.4,4.2,24.8,28,5505.4
"436","M1368","2012WSRYT",117.9,87.8,2.5,1.6,"95.2",12.2,3.3,22.8,30.1,1.5,29.6,101.2,1005.1,9.5,2.5,3.9,28.1,29.1,4616.4
"437","M1366","2012WSRYT",123.3,96.6,1.3,1.4,"101.5",12.6,3.6,23.2,31.7,1.2,24.5,106.8,1103.7,9.6,2.4,4,24.1,29.1,5643.1
"438","B1216","2012WSRYT",118.3,93,1.2,1.3,"92.1",13,2.5,25.8,32.2,1.3,28.4,105.3,1152.7,10.4,2.6,4.1,27.6,32.4,4413.8
"439","B1007","2012WSRYT",126.1,85.9,1.3,1.4,"103.8",11.9,4.6,24.1,29.6,1.1,21.8,113,1026.4,9.6,2.3,4.2,25.6,28.3,5115.8
"441","B1008","2012WSRYT",100.4,85.9,1.3,1.4,"71.4",12.5,2.4,23.6,32.1,1.1,23.3,101.3,1017.1,9.4,2.3,4.1,20.8,27.1,4690.4
"442","B1009","2012WSRYT",110.6,87.3,1.2,1.6,"87",12.7,2.3,22.7,30.7,1.1,23.4,118.5,1096.5,9.7,2.3,4.3,23.3,28.9,4618.4
"443","B1158","2012WSRYT",127.9,94.8,1.3,2,"107.6",11.9,4.3,23.1,30,1.1,22.8,118.9,1039,9.9,2.4,4.2,23.9,27.9,5556.1
"444","B1159","2012WSRYT",125.2,93,1.2,1.3,"102.3",12.9,3.9,23.9,30.2,1.1,22.9,114.8,1176,9.6,2.4,4.1,24.7,30.8,4452.1
"445","B1160","2012WSRYT",118.2,88.3,1.2,1.9,"93",11.6,2.2,25,27.6,1.2,22.6,120.9,985.3,10,2.5,4.1,26.2,28.3,4512.4
"446","B1110","2012WSRYT",120.3,93.9,4.3,1.4,"96",12.8,2.3,24.5,27.8,1.2,23.1,98.7,1054.6,9.5,2.4,3.9,24.1,28.8,5165.8
"447","B1111","2012WSRYT",121.4,94.9,2.5,1.6,"96.4",13.1,2.1,25.2,30.9,1.2,24.9,113.5,1171.4,9.5,2.6,3.8,25.1,32.5,5157.8
"448","B1161","2012WSRYT",125.9,93.4,1.2,1.3,"102.6",11.5,3.9,24.3,31.6,1.2,25.5,102.2,889.2,9.8,2.6,3.8,27.3,25.8,4095.8
"449","B1059","2012WSRYT",122.8,88.3,1.2,1.3,"99.8",12.2,9.7,23.6,31.6,1.2,24.4,102.2,1037.9,10,2.4,4.1,28.2,29.6,6354.1
"450","B1062","2012WSRYT",111.6,90.6,1.2,1.3,"87",14.4,4.5,23.5,31.9,1.1,22.7,92.1,1045.6,10.6,2.2,4.8,23.9,28.2,5364.1
"451","B1010","2012WSRYT",122.8,94.8,1.3,1.4,"100.1",12.9,3.1,23.8,30,1.1,21.4,102.8,1071.2,10.2,2.5,4.1,25.7,29.4,5547.1
"452","B1217","2012WSRYT",125.3,101.5,1.2,1.3,"102.7",11.7,4.3,23.6,32.4,1.1,24.1,106.2,1042.5,9.6,2.5,3.9,24.3,27.8,5142.1
"453","B1218","2012WSRYT",111.7,89.5,1.3,1.4,"88.2",12.3,6.5,21.9,28.3,1.1,21,87.7,952.3,9.6,2.4,4.1,25.1,26.3,5095.8
"454","B1219","2012WSRYT",116.8,89.5,1.3,1.4,"93.4",12.2,4.7,23,31.5,1.1,23.9,107.7,1025.1,9.5,2.4,4.1,22.7,27.3,4613.4
"455","B1220","2012WSRYT",123.3,87.7,1.3,1.4,"99.9",13.2,5.3,24.4,29.1,1.1,22.4,97.9,1096.8,10.2,2.2,4.7,25.4,30.1,4873.8
"456","B1058","2012WSRYT",117.5,93,1.2,1.3,"92.9",12.6,4.5,24.4,30.7,1.1,22.4,109.6,1131.4,9.9,2.6,3.9,26.4,31.6,4936.8
"457","B1060","2012WSRYT",130.7,97.5,1.3,1.7,"106.6",12.6,2.3,26.6,30.2,1.1,21.5,112.8,1035.4,9.6,2.5,3.9,25.2,29,4678.8
"458","B1061","2012WSRYT",121.6,93.4,1.2,1.6,"98.8",12,2.1,23.3,28.2,1.2,23.2,96.2,1017.2,10.1,2.6,4,27.8,28.9,4958.4
"459","B1012","2012WSRYT",119.9,89.2,1.2,1.6,"95.4",12.5,6.1,24.5,33.1,1.4,31,117.5,1098.1,9.8,2.5,3.9,25.5,30.4,4564.4
"460","B1019","2012WSRYT",116.1,85.4,1.2,1.3,"91",12.2,4.4,24.6,30.8,1.1,23.2,108.5,1073.1,10.1,2.3,4.5,25.3,29.4,5618.8
"461","B1075","2012WSRYT",124.5,96.7,1.2,1.3,"99.4",12.7,2.5,25.6,32.4,1.2,25.2,113.5,1075.3,10,2.3,4.3,24.1,29.3,4332.4
"465","A1323","2012WSRYT",112.1,100,1.2,1.3,"89.3",12.8,3.3,22.1,29.9,1.1,21.3,94.3,1026.8,9.9,2.3,4.4,25.3,27.9,5183.1
"466","A1322","2012WSRYT",109,93,1.3,1.4,"81.1",12.1,3.1,24.7,31.3,1.1,22.4,105.6,1029.1,9.9,2.5,4.1,25.8,28.1,5345.4
"467","A1282","2012WSRYT",135.2,91.3,4.3,1.4,"115.6",13.4,5.7,24.2,38.3,1.1,29.4,109.4,1144.1,9.5,2.8,3.4,27.8,32.9,3474.4
"468","A1288","2012WSRYT",123,85.9,3.9,1.3,"97.9",12.5,5.1,25.4,32.1,1.2,24.8,108.8,1031.7,10.2,2.3,4.4,25.5,28.4,4882.8
"469","A1285","2012WSRYT",120.7,87.3,1.9,1.6,"99",12.8,6.5,22.2,27.9,1.2,21.8,98.4,1031.7,10.2,2.4,4.3,24.8,28.5,4926.4
"470","A1330","2012WSRYT",121,100.2,1.3,1.4,"97.8",12,2.3,23.7,29.5,1.2,23.5,110.8,1074.1,9.9,2.2,4.5,24.4,28.5,4798.8
"471","A1326","2012WSRYT",121.4,90.1,1.2,1.3,"97.7",12.6,6.8,24.1,32.1,1.1,23.4,107.9,1085,9.5,2.5,3.9,24.9,29.2,5246.4
"472","A1266","2012WSRYT",102.6,85.1,1.2,1.9,"76.6",13.2,4,22.7,34.1,1.2,27.6,106.2,1046.2,9.8,2.3,4.3,23.5,28.5,4652.4
"473","A1324","2012WSRYT",130.6,87.7,5.3,1.4,"107.1",12.1,3,26,32.9,1.1,24.4,107.8,1053.9,10.3,2.4,4.3,25.8,29,4362.4
"474","A1281","2012WSRYT",132.4,86.8,4.6,1.9,"108.3",12.7,2.1,25.7,33.3,1.2,27,118.5,1199.9,10,2.3,4.3,24.7,32.2,5509.8
"475","A1292","2012WSRYT",107.9,95.3,1.2,1.3,"80.6",11.3,2.8,25.4,31.7,1.2,25.1,106.8,957.6,9.8,2.4,4.1,27.6,27.2,4888.4
"476","A1280","2012WSRYT",121.2,89.7,1.2,1.3,"97.5",12.3,6.2,24,32.9,1.2,26.5,115.1,1079,9.6,2.5,3.9,27.1,30.1,4813.1
"477","A1289","2012WSRYT",127.1,88.7,4.6,1.3,"100.6",12.8,4.8,27.1,32.8,1.1,25.2,112.9,1066.5,9.8,2.4,4.2,25.2,29.9,4072.1
"479","A1293","2012WSRYT",119.7,86.8,3.9,1.3,"96.4",13.5,3.5,23.5,30,1.2,23.2,95.7,1063.7,9.7,2.4,4,24.4,29.2,4976.8
"480","M1428","2012WSRYT",118.3,87.8,1.2,1.6,"95",13.8,5.4,23.4,27.6,1.1,20.1,98.9,1187.7,9.3,2.5,3.7,24.8,31.4,5031.1
"481","A1291","2012WSRYT",116.5,92.5,1.2,1.6,"92.5",13.2,2.5,23.8,33.8,1.1,25.8,101.6,1065.7,10.1,2.3,4.3,24.6,28.7,4580.8
"482","A1290","2012WSRYT",123.5,85.4,1.2,1.3,"97.8",13.4,3.8,26,31.1,1.1,24,111.9,1217.6,10,2.4,4.3,24.5,32.6,4409.8
"483","A1284","2012WSRYT",120.6,87.8,1.2,1.3,"93.5",13,6.3,26.8,36.1,1.1,27.2,108.1,1141.1,11.2,2.3,4.9,27.3,32.3,4963.1
"484","A1329","2012WSRYT",127.1,94.9,1.9,1.3,"103.9",13.3,3.6,24.3,32.1,1.2,26.7,97.8,1134.8,10.3,2.4,4.2,26.5,31.1,5291.8
"485","A1271","2012WSRYT",112.2,88.7,1.2,1.6,"86.6",14,3.5,24.5,32.1,1.1,23.4,106,1167.5,9.8,2.3,4.3,24,32.2,5894.1
"486","A1278","2012WSRYT",116.5,93,1.2,1.6,"94.9",12.6,8.2,21.7,31.4,1,21.5,104.7,1111.8,9.4,2.5,3.9,24.7,29.3,5259.4
"487","A1325","2012WSRYT",121.8,101.9,1.2,1.3,"101.2",12.5,4.5,21.4,25.9,1.1,19.9,82.5,959,9.8,2.5,4,26.5,27.1,4234.8
"489","A1283","2012WSRYT",123.1,92.5,1.2,1.3,"99.5",12.6,6.3,24.2,27.2,1,19.2,101.7,1045.5,9.8,2.4,4.1,26.7,29.4,5186.4
"494","M1379","2012WSRYT",119.2,93.7,1.3,2,"97.3",11.9,5.7,22.4,32.4,1.2,26.2,132.6,1111.4,8.8,2.4,3.7,23,29.4,3530.1
"497","M1410","2012WSRYT",126.2,95.7,1.3,1.4,"103",12.9,3.2,24.9,31.5,1.1,23,106.3,1072.1,10.4,2.4,4.3,23.2,28.7,4294.4
"498","B1037","2012WSRYT",134.6,93.9,4.3,1.4,"113.8",12.8,5.2,24.9,30.2,1.1,22,98.1,1072.2,9.7,2.6,3.7,27.1,29.9,4594.1
"499","B1035","2012WSRYT",125,89.2,3.9,1.6,"98.7",11.9,4.1,26.7,32.7,1.2,26.2,118.8,1134.9,9.8,2.5,3.9,28.2,32.2,5111.4
"500","B1034","2012WSRYT",125,87.3,3.9,1.3,"102.3",13,4.9,23.6,30.2,1.2,23.3,94.8,1032.8,9.9,2.5,3.9,26.4,28.9,5034.1
"501","B1227","2012WSRYT",124.1,99.3,1.3,1.4,"100.8",13.5,2.5,24.5,30.5,1.1,23.1,101.6,1095.3,10,2.5,4.1,27.1,30.8,4983.4
"502","B1085","2012WSRYT",118.7,93.9,1.2,1.6,"94.8",12.4,4.1,23.9,34.3,1.2,27.5,125.1,1094.7,9.5,2.2,4.3,19.5,27,4305.4
"503","B1032","2012WSRYT",122.5,89.5,1.3,1.4,"96.9",11.8,3.4,25.9,31.7,1.1,23.2,104.9,1015.5,10,2.5,4,26.2,27.8,4171.8
"504","B1028","2012WSRYT",143.5,88.3,6.6,1.3,"118.8",13.2,10.6,27.6,40.8,1.3,35.8,124.4,1229.6,9.2,2.4,3.8,24.4,33.1,2941.1
"505","B1165","2012WSRYT",123.9,94.9,2.5,1.4,"100.1",12.1,2.5,24.5,36.9,1.3,31,117.4,1036.2,11.1,2.2,5.1,23.5,28,4284.1
"506","B1122","2012WSRYT",120.5,93.9,1.2,1.6,"97.9",13.3,2.7,22.9,29,1.1,20.8,112.6,1083.6,9.6,2.4,3.9,23.9,29.9,4898.4
"507","B1163","2012WSRYT",130.7,93,1.2,1.3,"104.1",11.5,2.9,27.7,35.5,1.2,28.9,114.9,999.5,10.7,2.5,4.3,28.3,29,4546.4
"508","B1036","2012WSRYT",127.5,90.6,1.2,1.3,"101.6",12.1,4.3,26.7,33.2,1.1,25.3,120.6,1127.3,9.8,2.5,3.9,26.9,32,4794.4
"510","B1080","2012WSRYT",122.8,94.8,1.3,1.4,"99.5",12.3,2.7,24.2,31.9,1.3,27,108.9,1063.1,9.9,2.4,4.1,24.8,28.8,4524.4
"512","M1370","2012WSRYT",124.8,93.9,1.3,1.4,"103.3",13.2,5.9,23.3,30.6,1.2,24,113.2,1197,10.1,2.5,4.1,26.7,33.1,3569.8
"513","B1166","2012WSRYT",116,98.6,1.2,1.3,"90",11.9,3.4,25.4,31.1,1.1,22.2,108.4,1009.6,9.9,2.4,4.2,25.3,27.6,5157.1
"514","B1082","2012WSRYT",126,102.9,1.2,1.3,"103.8",13.1,2.6,23.3,30.8,1.1,22.7,104.3,1095.8,9.9,2.3,4.3,25.1,30,4741.4
"515","B1235","2012WSRYT",122,91.6,1.2,1.3,"97.2",12.5,6.3,25,36.9,1.2,29.6,108.2,1125,10.5,2.3,4.5,25.5,30.8,5525.1
"516","B1231","2012WSRYT",121.2,95.8,1.2,1.3,"98",12.4,6.9,23.6,31.4,1.1,22.3,99.6,1048.7,9.9,2.3,4.2,25.1,28.1,4623.8
"517","B1230","2012WSRYT",114.3,101,1.2,1.3,"90",12.2,4.5,23.7,29.4,1.1,21.2,96.7,1011.4,11,2.3,4.7,23.7,27.3,5293.4
"518","B1229","2012WSRYT",117.7,100.2,1.3,1.4,"*",12.6,4.3,24.2,31.7,1.2,24.5,106.8,1160.9,11.5,2.2,5.3,24.9,31.4,4182.1
"519","B1228","2012WSRYT",113.7,94.4,1.2,1.3,"90.8",11.8,7.5,22.5,26.4,1.1,19.1,105.4,1075.3,9.8,2.3,4.2,24.8,28.5,5130.8
"520","B1225","2012WSRYT",119.3,103.8,1.2,1.3,"93.5",11.3,2.3,25.6,29.6,1.1,21.6,93,919.8,10.9,2.5,4.4,27.3,26.4,5170.8
"521","B1164","2012WSRYT",122.3,102.9,1.2,1.3,"99.3",12.5,4.7,23.6,32.5,1.2,25.1,97.7,951.7,10.2,2.2,4.6,25.1,25.2,3353.4
"522","B1083","2012WSRYT",109.6,88.3,1.2,1.3,"86.3",13.2,3.9,22.3,30.8,1.1,23.8,96.6,1064.2,9.9,2.4,4.1,23.6,27.8,5114.1
"523","B1018","2012WSRYT",110,86.8,1.2,1.3,"83.6",12.9,3,25,31.1,1.1,22.2,108.2,1030.1,10.5,2.3,4.7,23.3,28.2,4614.4
"524","B1017","2012WSRYT",104.9,86.4,1.2,1.3,"80.1",14,6.3,23,29.1,1.1,21.5,91.7,1054,10.1,2.4,4.3,27.5,29.3,4503.8
"525","B1065","2012WSRYT",94,86.4,1.2,1.6,"66.2",13.8,2.3,24.3,29.4,1.1,20.9,107.2,1076.4,10.9,2.1,5.3,22.8,28.8,3932.1
"526","B1016","2012WSRYT",127.8,97.2,1.2,1.3,"105.5",13.5,2.7,23.7,31.5,1.1,23.8,92.5,1045.1,10.2,2.4,4.2,25.2,28.9,4721.4
"527","B1039","2012WSRYT",114,90.6,1.2,1.3,"87.4",13,4.8,25.7,33.9,1.1,25.2,112.8,1158.7,9.6,2.3,4.3,23.4,29.5,4595.8
"528","B1038","2012WSRYT",118.8,86.4,1.2,1.6,"92.5",13.9,3.2,26,31.5,1.1,24,90.7,1095.9,10.7,2.3,4.6,27.9,30.7,4795.1
"529","M1371","2012WSRYT",114.9,89.2,1.2,1.3,"91.8",14.2,4.8,22.8,30.9,1.1,23.8,94.4,1110.8,10.5,2.3,4.7,24.1,29.5,4268.1
"531","B1033","2012WSRYT",126.4,90.4,3.3,1.4,"102.8",12.1,6,25.2,34.1,1.1,24.7,121.9,1101.7,10.1,2.4,4.2,26.3,30.6,4645.1
"532","B1234","2012WSRYT",133.4,94.9,1.2,1.3,"112.3",13.3,6.3,23.3,32.3,1,22.7,100.4,1142.6,9.9,2.5,4,23.4,29.3,5327.8
"533","B1233","2012WSRYT",114.6,93.9,1.3,1.4,"88.8",12,3,24.3,33.1,1.1,25,130.9,1112.3,9.8,2.5,3.9,24.1,29.7,3958.4
"534","B1232","2012WSRYT",115.5,101.5,1.2,1.3,"90.6",12.9,2.2,24.4,30,1.1,22.1,108.2,1106.2,9.9,2.3,4.3,25.1,30,5693.8
"535","B1086","2012WSRYT",123.5,92.5,1.2,1.6,"101.4",12.1,8.9,23,30.6,1.1,23.2,107.7,1083.8,9.9,2.4,4.1,24.3,28.7,4919.4
"536","M1383","2012WSRYT",107.4,91.1,2.5,1.3,"83.2",12.1,5.9,22.8,31.5,1,22.1,99.2,1040.7,8.9,2.4,3.7,21.9,26.2,4143.8
"537","B1014","2012WSRYT",119.7,87.7,1.3,1.4,"93.3",13.2,3.7,25.9,31.9,1.2,25.6,104,1135.7,9.6,2.2,4.3,25.1,30.6,4998.1
"538","B1064","2012WSRYT",99.4,85,1.2,1.3,"70.7",12.6,2.5,25.6,30.3,1.1,22.4,106.1,1001.9,10.4,2.3,4.6,24.5,27.5,3858.1
"539","B1066","2012WSRYT",114.6,91.6,1.2,1.3,"89.9",11.9,4.2,24.1,32,1.1,23.2,110.4,1008.1,9.4,2.4,4,22.9,26.7,4800.4
"540","B1067","2012WSRYT",115,85.4,1.2,1.3,"89.3",12.7,4.6,25,32.1,1.1,23.9,122.5,1130.2,9.3,2.4,4,23.5,29.9,4595.1
"541","B1068","2012WSRYT",114.2,86.8,1.3,1.4,"89.9",12.3,3.9,23,30.1,1.1,21.9,102.1,995.7,9.5,2.3,4.2,23.5,26.9,4545.4
"542","B1069","2012WSRYT",118.5,93,1.3,1.4,"94.9",12.8,2.1,23.5,32.1,1.1,24.4,111,1112.2,9.7,2.3,4.3,23,29.3,4128.1
"543","B1070","2012WSRYT",113,89.7,1.2,1.3,"87.3",11.6,1.9,24.8,30,1.1,21.8,124.2,1037.2,9.7,2.3,4.3,21.8,26.9,5782.8
"544","B1071","2012WSRYT",109,94.9,1.2,1.3,"84.8",14.7,3,23,28,1,19.9,94.7,1134.3,10.2,2.2,4.8,21.8,28.7,5788.8
"545","B1072","2012WSRYT",98.7,91.3,1.3,1.4,"71.6",13.6,4.6,21.7,30.7,1,21.8,92.2,1047.6,9.9,2.3,4.4,23.4,28.3,5462.1
"546","B1073","2012WSRYT",114.5,93.9,1.3,1.4,"89.1",14.3,4.5,23.9,31.9,1.1,22.7,107.3,1213.8,9.9,2.2,4.5,22.6,31.6,4954.4
"547","B1074","2012WSRYT",117.1,93.9,1.3,1.4,"91.7",12.5,3.3,24.5,32.1,1.1,23.8,109.7,1077,9.7,2.4,4.1,25,29.2,4677.8
"548","B1076","2012WSRYT",104.2,90.6,1.2,1.3,"77.9",13.8,3.3,24.1,30.1,1.1,21.4,98.5,1071.2,9.9,2.2,4.4,21.6,28,4545.4
"549","B1113","2012WSRYT",105.3,90.6,1.2,1.3,"80.3",13.3,5.3,23.2,31,1.1,22.4,102.5,1097.1,10,2.2,4.5,23.1,28.7,4238.1
"550","B1114","2012WSRYT",117.1,92.5,1.2,1.3,"94.3",11.8,3.7,22.7,30.1,1.1,22.2,92.5,920.5,10.3,2.2,4.8,25.1,23.8,3528.4
"551","B1116","2012WSRYT",115.3,93.9,1.2,1.3,"91.2",13.1,3.9,23.7,29.8,1.1,22.8,104.4,1134.8,10.4,2.2,4.8,23.1,29.5,4566.2
"552","B1117","2012WSRYT",117.3,89.2,1.2,1.3,"93.5",12.5,3,23.7,29.5,1.1,22.1,106.1,983.6,9.8,2.3,4.3,23.3,26.5,3561.8
"553","B1118","2012WSRYT",114.3,85.4,1.2,1.3,"87.1",13.2,3.1,26.2,32.9,1.1,24.4,112.5,1155.8,10.2,2.3,4.4,24.6,31,5699.4
"554","B1120","2012WSRYT",112,90.4,1.3,1.4,"85.3",13,5,24.4,31.9,1.1,24.2,95.9,1036,9.4,2.3,4.2,23.9,27.8,4594.4
"555","B1121","2012WSRYT",120.3,93,1.3,1.4,"97.6",12.7,5.3,23.3,30.5,1.1,23.5,107.6,1096.4,10.3,2.3,4.6,23.4,29,2987.1
"556","B1222","2012WSRYT",116.3,92.2,1.3,1.4,"92.2",12.1,6.4,23.4,32.6,1.2,26.1,107.2,1036.6,9.9,2.4,4.1,25.1,28.3,4969.8
"557","B1224","2012WSRYT",124.4,91.3,1.3,1.4,"100.2",11.9,5.8,25.2,35,1.1,25.6,107.4,1044.7,10.4,2.3,4.5,26,28.6,4948.4
"558","B1078","2012WSRYT",118.7,90.6,1.2,1.6,"92",11.8,4,26.4,36,1.3,31.1,122.6,1111.9,9.6,2.4,4,25,30.1,5221.4
"559","B1124","2012WSRYT",124.2,94.4,1.2,1.3,"101.7",13.1,4.1,23.3,29.2,1.1,21.9,96.2,1078.9,10.3,2.2,4.8,22.8,27.9,3656.4
"560","B1125","2012WSRYT",108.2,88.3,1.2,1.6,"83.2",12.3,7.4,23.6,32.6,1.2,26.1,121.9,1159.9,10,2.4,4.3,22.8,30.1,4014.4
"561","B1126","2012WSRYT",124.8,99.3,1.3,1.4,"104.3",11.8,2.2,22.6,25.8,1.1,19.1,99.3,998.3,10,2.4,4.2,25,27.3,4929.4
"562","B1022","2012WSRYT",120,86.4,1.2,1.3,"96.3",12.7,5.2,23.8,30.8,1.2,25.2,97.5,1019.3,10.5,2.4,4.4,27,28.6,4911.1
"564","B1024","2012WSRYT",110.8,88.3,2.5,1.6,"87.9",13.9,5.2,22,30.2,1.1,22.2,96.9,1149.2,9.8,2.5,4,26.7,31.8,6529.4
"565","B1025","2012WSRYT",110.6,86.8,1.3,1.4,"83.3",11.9,5.1,24.5,33.2,1.1,25.2,118.7,1049.6,9.9,2.4,4.2,25.1,28.8,4035.1
"566","B1026","2012WSRYT",109.4,81.5,1.3,1.7,"81.2",12.4,4.9,24.9,31.8,1.3,28.6,105.8,1078.7,9.9,2.6,3.9,26.4,29.7,6207.1
"567","B1027","2012WSRYT",117,85.4,3.9,1.6,"93.8",12.6,4.5,23,33.6,1.3,29.4,110.4,1152.8,9.5,2.5,3.9,25.8,31.7,6120.1
"568","B1029","2012WSRYT",134.8,88.3,1.2,1.9,"113.9",11.3,4.4,23.2,37.7,1.4,35.2,116.1,952.2,9.4,2.3,4.1,25.8,27.2,5309.8
"569","B1031","2012WSRYT",124.2,92.6,1.3,1.4,"102.4",12,7.3,23.4,34.2,1.1,25.2,98.7,993.5,10.3,2.5,4.1,25.1,28.3,5719.1
"570","B1084","2012WSRYT",119.4,93,1.2,1.3,"95.7",12.1,5.1,23.8,28.8,1.1,21.3,93.1,973,10.2,2.6,3.9,30.1,28.1,5211.4
"571","B1112","2012WSRYT",122.8,96.3,1.2,1.3,"99.2",13.8,3.6,24.1,33.2,1.1,25,101.1,1152.6,10.1,2.3,4.4,24.8,32,5406.1
"575","A1331","2012WSRYT",119.3,93.9,1.2,1.3,"94.9",12.4,4.2,24.4,27.2,1.1,19.4,95.8,1022.8,10.3,2.5,4.1,26.3,28.2,5476.8
"576","A1332","2012WSRYT",118.2,96.7,1.2,1.3,"91.2",12,2.4,26.5,37.1,1.2,30.7,123.7,1076,9.6,2.4,4,24,29.2,4373.4
"577","A1333","2012WSRYT",116.7,95.3,1.2,1.3,"91.3",12.8,2.5,25,29.9,1.1,21.6,86.7,999,10.3,2.4,4.3,25.5,27.3,4755.4
"578","A1294","2012WSRYT",123.3,85.9,5.9,1.9,"99.3",13,3.8,24.5,31.8,1.2,25.2,109.9,1046.9,10.3,2.4,4.3,25.9,29.5,4821.1
"579","A1295","2012WSRYT",122.3,88.7,1.2,1.3,"98.9",14.1,5.9,23.9,30.5,1.2,23.8,85.6,1011.5,9.8,2.4,4.2,25.2,29.1,4165.8
"580","A1296","2012WSRYT",115.4,91.1,1.2,1.3,"93.6",13.5,7.2,21.6,29.4,1.1,22.6,84.6,1013.3,9.7,2.3,4.2,23.2,26.1,4513.8
"581","A1337","2012WSRYT",121.6,93.9,1.3,1.4,"96.6",12.6,2.8,25.2,31.9,1.1,23.7,112.1,1047.6,10.6,2.3,4.5,25,29.2,4994.4
"582","A1338","2012WSRYT",116,94.4,1.2,1.3,"88",12.2,2.9,27.1,32.9,1,23.2,110.2,1011.1,10.7,2.2,4.8,25.2,28.1,5262.1
"583","A1339","2012WSRYT",131,95.3,1.2,1.6,"104.2",13,1.9,27.9,31.4,1.2,25.5,109.3,1083.9,10.8,2.5,4.3,30,32.9,5248.4
"584","A1297","2012WSRYT",118.6,87.3,1.2,1.3,"93.2",14.6,4.2,25.2,32.5,1.1,24.3,102.1,1247,9.9,2.4,4.1,25.8,33.9,5639.4
"585","A1340","2012WSRYT",128.2,97.2,1.2,1.3,"103.3",12.2,3.5,25.9,38,1.2,29.7,106.5,1036.9,11.4,2.5,4.6,28.6,29.9,4622.1
"586","A1341","2012WSRYT",126.1,93,5.9,1.6,"102.9",10.4,6,24.2,34.8,1.1,27.1,112.1,834.6,10.3,2.5,4.2,25.1,23.7,4297.1
"587","A1342","2012WSRYT",119.9,91.6,1.2,1.3,"92.7",12.1,5.1,26.9,38.2,1.1,27.4,105.1,1023.9,10.6,2.3,4.6,25.4,28.4,4986.1
"588","A1343","2012WSRYT",125.5,93.4,1.2,1.3,"102.2",13.4,5.3,24.2,31.1,1.1,22.9,97.1,1084,10.5,2.2,4.8,23.9,28.7,5046.1
"589","A1335","2012WSRYT",127.3,93,1.2,1.3,"102.9",11.6,5.6,25.4,29.6,1.2,23,113.4,1081.5,9.8,2.5,4,23.1,28.1,4799.8
"590","A1336","2012WSRYT",117.8,94.9,1.2,1.3,"93.8",12.3,5.1,23.8,28.4,1,20,103.7,1034.4,9.6,2.5,3.9,24.5,27.9,4623.4
"592","M1385","2012WSRYT",111.2,92.5,1.2,1.3,"87.6",14.1,4.1,22.8,31.3,1.1,22.2,96.8,1069,9.1,2.2,4.2,19.7,26.2,4381.4
"600","M1404","2012WSRYT",136.6,93.9,5.3,1.4,"118.5",12,2.9,23.3,33.1,1.3,28.9,123.6,1146.2,8.8,2.7,3.3,22.1,29.6,5106.4
"601","M1405","2012WSRYT",103.1,86.4,1.2,1.3,"77.2",13.3,3.7,23.7,29.6,1.1,22.2,98.8,1072,9.2,2.3,4,22.3,27.6,5294.8
"602","M1406","2012WSRYT",97.6,85.4,1.2,1.3,"73",13.2,3.5,22,27.5,1,18,91.1,1012.6,9.4,2.3,4.1,22.8,26.3,5253.8
"603","M1407","2012WSRYT",97.7,86.4,1.2,1.3,"71.7",12.7,3.6,23.2,30.4,1,21.3,109.9,1061,9.4,2.3,4.1,21.5,27.1,5368.1
"604","M1408","2012WSRYT",100.4,85.4,1.2,1.3,"73.9",12.7,4,23.9,29.6,1,20.4,104.8,1093.4,9,2.3,4,22.3,28,5504.1
"607","M1412","2012WSRYT",130,94.9,1.9,1.3,"106.2",13.1,5.6,25.2,28.7,1.1,21.4,106,1106.6,9.5,2.4,4,23.9,29.7,4892.1
"608","M1413","2012WSRYT",117.7,92.2,1.3,1.7,"91.3",11.9,5.8,25.4,32.4,1.4,30.3,127.9,1041.2,9.5,2.4,4,22.7,28.5,3082.1
"609","M1414","2012WSRYT",111.7,93,1.3,1.4,"88.2",11.8,8.1,21.9,30.9,1.2,24.3,112.8,1053.1,9.2,2.4,3.9,22.3,27.5,3987
"610","M1417","2012WSRYT",124.4,95.8,1.2,1.3,"101.3",11.7,4,23.9,30.2,1.1,21.5,118.8,1003.8,9.4,2.3,4.2,23,26.3,3832.8
"612","M1419","2012WSRYT",115.9,87.7,1.3,1.7,"91.5",14.2,2.7,23.5,29.1,1.1,20.9,95.3,1139,9.7,2.3,4.3,25,31.2,4084.4
"613","M1420","2012WSRYT",117.8,93.4,1.2,1.9,"95",13.1,2,22.8,30.3,1.2,23.5,99.5,1016.6,9.1,2.3,4,25.8,27.4,3915.4
"615","M1425","2012WSRYT",121.4,86.4,1.2,1.9,"97.9",10.8,6.4,23.9,30.7,1.6,31.6,113.3,984.3,8.2,3.2,2.7,27.2,27.7,3283.8
"617","M1429","2012WSRYT",119.9,97.5,1.3,1.4,"95.7",13.5,5.1,24.2,32.6,1.1,23.9,104.7,1159.5,9.5,2.5,3.8,25.3,32.1,4975.8
"618","M1430","2012WSRYT",115.4,96.7,1.2,1.4,"91.2",12.3,5.8,23.7,36.5,1.1,25.9,97.4,944.2,9.9,2.4,4.1,22.5,25.3,4530.1
"619","M1431","2012WSRYT",120.2,93.9,1.3,1.4,"96.3",11.7,6.6,24.1,31.7,1.2,25,123.1,1013.1,9.6,2.6,3.8,23.9,27.5,4313.8
"620","M1432","2012WSRYT",110.4,92.2,1.3,1.4,"86",13.7,3.1,22.3,28.4,1.1,20.4,94.2,1093.8,9.9,2.3,4.4,24.2,29.1,5269.4
"621","M1433","2012WSRYT",116.9,94.8,1.3,1.4,"92.1",12.1,5.3,24.1,34.3,1.1,24.4,105,978.9,9.5,2.4,4.1,25.1,26.5,4559.1
"628","M1380","2012WSRYT",127.2,93.4,1.9,1.6,"103.3",12.4,6.2,24.9,32.3,1.1,24.1,105.2,1016.8,9.2,2.6,3.5,26.5,29.6,4963.8
"636","M1438","2012WSRYT",110.6,86.4,1.2,1.9,"84.7",12.2,4.8,24.6,32.5,1.2,26.5,105.5,1016.2,9.6,2.5,3.9,25.3,28,4973.8
"641","B1162","2012WSRYT",125.4,94.9,1.2,1.3,"100",12.5,3.7,26,33,1.1,23.4,104.3,1042.6,10.5,2.5,4.2,25.7,28.9,4906.8
"642","B1030","2012WSRYT",143.5,86.8,6.6,1.9,"122.4",11.7,4.6,24.5,36,1.2,28.3,142.2,1169.4,9.3,2.4,3.9,24.8,32.4,4858.4
"643","B1171","2012WSRYT",134,101.5,1.2,1.3,"111",12.7,3.6,25,33.5,1.1,24.7,97.6,1071.2,10.1,2.5,4,27.3,30.5,5559.8
"644","B1237","2012WSRYT",124.5,93.9,1.3,1.4,"*",12.6,4.3,24.2,31.7,1.2,24.5,106.8,988.7,10.6,2.4,4.5,25.1,28.1,4605.8
"645","B1091","2012WSRYT",116.3,90.4,1.3,1.4,"90.6",12.1,4.5,24.6,32.2,1.2,26.5,112.2,1066,10.2,2.5,4.1,26.3,29.4,4173.4
"646","M1378","2012WSRYT",117.9,93,1.3,1.4,"96.7",12.5,4.2,21.5,28.8,1.1,22,102.7,1056.5,9.2,2.8,3.3,26.2,29,4001.8
"647","B1167","2012WSRYT",129.9,99.6,1.2,1.3,"107.7",12,3.1,23.9,32.9,1.1,24.5,110.9,1039.1,9.7,2.4,4.2,22.5,27.6,4789.8
"648","B1168","2012WSRYT",116.5,90.1,1.2,1.6,"94.6",12.9,6.4,21.8,30.3,1.2,25.3,100.8,955.4,9.7,2.5,4,23.9,26.2,4493.8
"649","B1170","2012WSRYT",123.9,93.9,1.2,1.3,"99.6",12.8,4.4,24.9,36,1.3,31.2,104,1050.3,10.3,2.6,4,28.3,30.2,4929.1
"650","B1088","2012WSRYT",116.3,89.7,6.6,1.3,"92.4",13.8,5.9,23.6,29.6,1.2,23.8,108.1,1170.1,10.2,2.5,4.1,24.7,31.9,4821.4
"651","B1236","2012WSRYT",117.6,99.1,1.2,1.6,"94.6",11.7,3.8,23,31.7,1.1,23.8,123.3,1017.6,9.7,2.2,4.4,21.8,26.4,4090.8
"652","B1093","2012WSRYT",121.4,90.6,1.2,1.3,"94.6",12.1,3.9,26.7,34.5,1.1,25.5,112.6,1060.6,10,2.6,3.9,26.8,29.5,5158.4
"653","B1172","2012WSRYT",124.4,94.4,1.2,1.3,"99.4",12.9,2.4,25.6,32,1.2,26.4,109.6,1076.4,10.1,2.9,3.5,30.3,32.9,5564.4
"654","B1094","2012WSRYT",127,93,1.3,1.4,"105.1",12,5.6,24.1,32.1,1.3,28,106.9,1056.9,9.7,2.4,4.1,25.3,28.7,5211.4
"655","B1040","2012WSRYT",123.3,90.4,1.3,1.4,"99.1",11.6,4.1,25,33.1,1.1,25,108.1,971.7,10.5,2.3,4.7,25.1,26.3,4321.4
"656","B1238","2012WSRYT",129.6,96.6,2.3,1.7,"109.4",12,3.1,23.4,31.4,1.1,23.6,100.2,984.4,10.7,2.7,4,29.2,27.9,4680.8
"657","B1173","2012WSRYT",139.5,93.9,1.3,1.4,"116.6",12.5,3.1,27.6,34.4,1.2,28.3,111.3,1126.3,9.8,2.4,4.2,24.5,29.7,4844.4
"658","B1174","2012WSRYT",122.8,93.9,1.3,1.4,"100.3",12.7,4,23.6,30.1,1.2,23.9,107.5,1071.9,10.7,2.3,4.6,25.3,29.3,5044.4
"659","B1175","2012WSRYT",114.8,88.3,1.2,1.3,"90.7",12.2,6.5,23.6,30.4,1.1,22,108.5,1013.6,9.9,2.3,4.4,22,26.6,5346.1
"660","B1239","2012WSRYT",120.4,94.8,1.3,1.4,"*",11.5,4.3,22.8,32.6,1,22.3,106.8,1068.8,9.8,2.4,4.1,25.1,29.1,4533.4
"661","B1241","2012WSRYT",125.6,103.8,1.2,1.3,"*",12,3.1,25.5,32.2,1.2,25.3,106.8,1141.5,9.9,2.4,4.1,25.6,31.7,3455.8
"662","B1242","2012WSRYT",125.5,103.8,1.2,1.3,"99.6",14.2,2,26.4,30.2,1.1,23.2,99.5,1158.2,9.8,2.5,3.9,26.9,33,4373.1
"663","B1243","2012WSRYT",115.7,98.4,1.3,1.4,"89.1",12.8,4.5,25.2,32.6,1.1,23.6,102,1046.2,10,2.5,4.1,27.7,29.4,4481.1
"664","B1128","2012WSRYT",127.3,95.7,5.3,1.4,"105.8",13,3.8,23.8,32.8,1.2,25.6,106.5,1068.7,10.4,2.3,4.6,23.3,28.9,4139.1
"665","B1251","2012WSRYT",124.7,89.2,1.2,1.6,"99.5",12.6,3.1,25.7,29.8,1.2,23.2,110.2,930.4,10.3,2.3,4.4,25.1,26.6,4685.4
"666","B1129","2012WSRYT",112.8,93.9,1.3,1.4,"86.1",12.7,3.2,24.5,29.8,1.1,21.2,117.6,1082.2,10.1,2.2,4.5,24.6,28.9,4792.4
"667","B1176","2012WSRYT",119.5,90.6,1.2,1.3,"94.1",13.5,3.8,25.3,30.3,1,21.4,109.6,1131.5,9.6,2.4,4.1,22.8,29.6,4969.4
"668","B1177","2012WSRYT",116.3,95.3,1.2,1.3,"93.3",12,4.3,22.8,32.9,1.1,24.1,121.2,1050.9,9.8,2.5,3.9,24.4,28.6,4550.4
"669","B1130","2012WSRYT",112.5,93.9,1.3,1.4,"84.6",11.7,2.3,25.3,29.4,1.2,23.7,105.3,988.9,10.1,2.3,4.4,25,27,4499.8
"670","B1244","2012WSRYT",118.6,94.9,1.2,1.6,"95.9",12.9,4,22.9,30,1.1,22.5,117.8,1194.1,9.7,2.3,4.3,21.3,29.8,4951.8
"671","B1179","2012WSRYT",121.7,98.2,1.2,1.3,"97.9",12.1,6.8,24.2,32.2,1.1,23.3,113.2,953.7,10,2.3,4.4,23.7,26.2,4290.4
"672","B1180","2012WSRYT",107.8,93.9,1.3,1.4,"80.1",12.3,2.5,24.3,30.8,1.2,23.9,102,1000.1,9.9,2.5,3.9,25.1,27.6,5151.8
"673","B1181","2012WSRYT",109.7,93,1.2,1.6,"84.8",12.3,3.1,23.7,31,1.1,22.1,110.5,1050.8,9.3,2.3,4,22.8,27.3,4046.4
"674","B1183","2012WSRYT",130.7,93,1.3,1.4,"104.3",12.7,3.5,28.3,36.1,1.3,31.2,107.9,1036.5,10,2.7,3.8,29.4,30,4350.1
"675","B1245","2012WSRYT",127.1,98.4,1.3,1.4,"100.9",11.6,2.5,27.4,35.9,1.5,35.2,140.2,1070.2,10,2.3,4.4,24,29,4282.8
"676","B1247","2012WSRYT",132.1,97.2,1.2,1.3,"108.2",13.6,2.7,25.6,33.2,1.1,25.1,122.4,1304.4,9.8,2.3,4.3,22.7,33.1,5217.8
"677","B1133","2012WSRYT",124.2,93,1.3,1.4,"100",12,4.4,25.2,33.1,1.2,27.3,110.5,1042.3,9.8,2.6,3.8,24.3,28.4,4571.8
"678","B1135","2012WSRYT",118.4,94.4,1.2,1.9,"93.5",13,2.5,24.7,33.9,1.2,26.3,107.2,1026.1,9.8,2.4,4.2,24.3,27.9,4307.1
"679","B1136","2012WSRYT",111.7,90.4,1.3,1.4,"86.7",13.4,4.8,23,30.3,1,21.3,90.3,1023.8,9.3,2.5,3.7,23.7,27.9,4709.4
"680","B1137","2012WSRYT",115.4,96.7,1.2,1.3,"91.8",12.6,9,23.3,31.6,1.1,23.9,106.6,1046.4,9.7,2.3,4.2,24.5,28.4,4548.8
"681","B1138","2012WSRYT",124.4,90.4,1.3,1.7,"100",12.1,3.6,25.3,34.8,1.1,26.8,111.4,1057.8,9.7,2.2,4.4,25.1,28.9,4659.4
"682","B1041","2012WSRYT",114.9,89.2,1.2,1.3,"90.6",12.6,7.7,23.8,32.2,1.2,25.2,110.8,1118.5,10.1,2.5,4.1,26.2,31,5547.8
"683","B1042","2012WSRYT",112.9,86.8,1.3,1.4,"87.4",12.8,6.9,23.7,30.6,1.2,25.4,97.7,1065,10.1,2.4,4.3,27.3,29.3,4996.1
"685","B1139","2012WSRYT",111.6,95.8,1.2,1.3,"85.2",12.1,5.1,25.1,33.1,1.2,25.6,104.3,1043.3,9.9,2.4,4.1,26.7,29.4,4331.8
"686","B1140","2012WSRYT",121.9,95.7,1.3,1.4,"97.2",12.3,3,25,32,1.1,22.8,97.9,995.1,9.6,2.5,3.9,23.9,27.8,4989.1
"687","B1141","2012WSRYT",119.3,93.4,1.2,1.6,"94.1",13.6,3.7,25.1,32.5,1.1,23.9,108.3,1162,10,2.5,4.1,28,32.9,4795.1
"688","B1142","2012WSRYT",114.2,94.4,1.2,1.3,"89.3",14.3,2.3,24.2,30.1,1.2,24.1,103.3,1105,9.9,2.4,4,26.9,32,4715.8
"689","B1143","2012WSRYT",115.3,94.4,1.2,1.6,"89.4",13.1,2.5,25.2,30.5,1.2,24.4,99.6,1064.3,9.7,2.6,3.7,26.7,29.8,5505.1
"690","B1144","2012WSRYT",114,93,1.3,1.4,"86.4",12.7,3.3,25.5,31.2,1.2,24.8,105.4,1006.2,9.6,2.4,4.1,26.2,28.2,4678.4
"691","B1043","2012WSRYT",116.3,85.9,1.2,1.3,"92.1",12.4,6,23.8,34.1,1.2,26.7,99.8,1016.9,9.2,2.4,3.8,25,27.7,5268.4
"692","B1044","2012WSRYT",115.5,95.7,1.3,1.4,"91.2",13.9,2.3,23.4,30.2,1,20.2,99.8,1074.5,10,2.4,4.3,24,29.2,4174.1
"693","B1045","2012WSRYT",119.6,86.8,1.3,1.4,"95.6",12,5.1,24,32,1,22.5,104,1006.8,10,2.4,4.2,23.5,27,4545.1
"694","B1145","2012WSRYT",122.3,95.8,1.2,1.3,"98.6",12,3.1,24.2,32.3,1.2,25.2,116.7,1093.4,9.9,2.4,4.2,23.2,28.4,4683.1
"695","B1146","2012WSRYT",117.4,91.3,1.3,1.4,"92.4",12.5,4.2,24.3,32.5,1.1,24,111.3,1093.5,9.8,2.4,4.1,24.2,28.9,4434.1
"696","B1184","2012WSRYT",117.9,89.7,1.2,1.3,"93.6",12.2,4.4,24.2,31.1,1.1,22.8,102.1,1039.3,9.7,2.5,3.9,25.6,28.6,4818.4
"697","B1185","2012WSRYT",119.9,91.3,4.3,1.4,"94.7",12.7,2.9,25,35.4,1.2,28.2,116.3,1165.5,9.9,2.2,4.5,24.1,31.4,5811.8
"698","B1186","2012WSRYT",119.2,93.4,5.2,1.9,"96.9",13.8,5.6,22.6,31.6,1.1,24,103.8,1144.5,9.5,2.4,3.9,22.2,29.2,4426.1
"699","B1187","2012WSRYT",132.5,93.9,1.2,1.3,"109.3",12.2,5.9,25,35.7,1.1,26.7,104.4,1044.2,9.9,2.6,3.9,28.5,29.8,5103.8
"700","B1188","2012WSRYT",118.7,89.2,1.2,1.3,"95.8",12.2,4.1,23.6,29.8,1,20.9,97.2,946.8,9.7,2.3,4.1,25.1,26.4,5215.1
"701","B1189","2012WSRYT",121.7,94.8,1.3,1.4,"98.1",13,2,24.2,27.2,1.1,21.1,97.4,1061.3,9.5,2.4,4,24.3,28.5,4819.4
"702","B1190","2012WSRYT",132.4,94.4,1.2,1.3,"108.1",12.1,4.4,25.9,30.5,1.1,21.8,109.9,1047.2,10,2.4,4.1,24.1,28,4940.8
"703","B1191","2012WSRYT",129.5,94.4,1.2,1.3,"104.4",13.1,2.5,26.2,31.9,1.1,22.8,113.9,1175.9,10.8,2.1,5.2,23.6,30.5,4682.1
"704","B1192","2012WSRYT",126.1,94.8,1.3,1.4,"101.9",12.8,3.8,25.6,32.6,1.1,24.3,110.3,1098.5,10.6,2.3,4.6,23.1,28.8,4876.1
"705","B1047","2012WSRYT",118.9,93,1.2,1.3,"93.3",13.3,2.9,25.4,33.3,1.1,24.5,99.7,1025.9,9.5,2.4,4,25.9,27.3,4364.4
"706","B1193","2012WSRYT",119.4,102.9,1.3,1.4,"95.7",12.3,2.5,23.7,29.4,1.1,21.8,96.8,1009.4,9.9,2.4,4.1,26.2,27.7,4713.8
"707","B1194","2012WSRYT",121.1,92.2,1.3,1.4,"97.5",11.7,3,24.1,28.8,1,20.4,120.1,991.1,9.5,2.5,3.8,24.6,27,4778.1
"708","B1195","2012WSRYT",127.3,93.9,1.2,1.6,"103.3",11.9,6.3,25,34.6,1.1,26.2,112.7,1029.1,9.8,2.5,4,27.3,29.6,4727.8
"709","B1196","2012WSRYT",123,94.9,1.2,1.3,"100.8",12.1,5.9,23,29.2,1.1,22.4,104.8,1062.7,10,2.4,4.2,26.5,29.2,5325.8
"710","B1197","2012WSRYT",117.4,95.7,1.3,1.7,"91.4",12.5,2.6,25.1,31.3,1.3,26.7,107.2,1065.3,9.9,2.5,4,26.7,29.8,5703.8
"711","B1147","2012WSRYT",125.4,89.5,1.3,1.7,"101.2",12.8,2.8,25.5,31.2,1,22,98.1,1074,9.9,2.5,3.9,28.5,30.4,5316.8
"712","A1259","2012WSRYT",112.2,82.1,1.2,1.9,"86",13.6,2.7,25,32.6,1.1,24.5,102.5,1114.4,10.1,2.5,4,26.3,31,5053.4
