Name.1,MEL_001-1b,MEL_001-2b,MEL_002-1,MEL_002-3,MEL_002-5-A,MEL_002-7-B,MEL_002-8,MEL_003-1c,MEL_004-1,MEL_004-2,MEL_004-3,MEL_004-5,MEL_005-3,MEL_005-4,MEL_005-5,MEL_005-7,MEL_005-8-A,MEL_006-1,MEL_006-3,MEL_006-6,MEL_006-7,MEL_006-8,MEL_007-1b,MEL_007-2b,MEL_008-1,MEL_008-2,MEL_008-3,MEL_008-4,MEL_009a-2-B,MEL_009b-2,MEL_010-1aA,MEL_010-1b,MEL_010-3,MEL_010-5,MEL_011-1b,MEL_011-2a,MEL_011-3,MEL_011-4,MEL_012-1b,MEL_012-2b,MEL_012-3,MEL_012-4,MEL_013-1a,MEL_013-2c,MEL_014-2,MEL_014-4,MEL_014-7,MEL_014-8,MEL_015-2,MEL_015-3,MEL_015-7,MEL_015-8,MEL_016-1,MEL_016-4,MEL_016-6,MEL_016-7,MEL_017-3,MEL_017-4,MEL_017-6,MEL_017-7,MEL_018-1,MEL_018-2,MEL_019-1a,MEL_019-4,MEL_019-5,MEL_019-6-A,MEL_020-1-A,MEL_020-3,MEL_020-5,MEL_020-7,MEL_021-1,MEL_021-2,MEL_021-3,MEL_021-7,MEL_022-1c,MEL_022-2b,MEL_023-2,MEL_023-4,MEL_023-5,MEL_023-6,MEL_024-2,MEL_024-5,MEL_025-1a-A,MEL_025-1b,MEL_025-1c-A,MEL_025-1d,MEL_025-1e,MEL_025-1f,MEL_026-1b,MEL_027-1e,MEL_028-1c,MEL_029-1c,MEL_029-2b,MEL_030-1b,MEL_030-2a,MEL_031-1c,MEL_031-2c,MEL_032-1,MEL_032-2,MEL_032-5,MEL_032-6,MEL_032-8,MEL_033-1-A,MEL_033-2,MEL_033-4,MEL_033-5,MEL_033-7,MEL_034-4,MEL_034-5,MEL_034-6,MEL_034-7,MEL_035-1,MEL_035-2,MEL_035-3,MEL_035-7,MEL_035-8,MEL_036-1b,MEL_036-3,MEL_036-7,MEL_036-8,MEL_037-1a,MEL_037-2a,MEL_038-1a,MEL_038-2b,MEL_039-1e,MEL_040-1c,MEL_040-2c,MEL_041-1c,MEL_041-2c,MEL_042-1b,MEL_043-1,MEL_043-2,MEL_043-3,MEL_043-4,MEL_043-5,MEL_043-6,MEL_043-7,MEL_044a-1,MEL_044a-2,MEL_044a-4,MEL_044b-1b,MEL_045-1b,MEL_046-1,MEL_046-2,MEL_046-7,MEL_047a-1,MEL_047a-3,MEL_047b-1a,MEL_048-1a,MEL_048-1c,MEL_048-2bA,MEL_049-2,MEL_049-4,MEL_049-5,MEL_050-1,MEL_050-5,MEL_050-6,MEL_051-1d,MEL_052-1,MEL_052-3,MEL_052-5,MEL_052-7-A,MEL_052-8-A,MEL_053-1aA,MEL_053-2aB,MEL_053-3,MEL_054-1A,MEL_054-2,MEL_054-3A,MEL_054-7,MEL_054-8,MEL_055-1aA,MEL_055-2b,MEL_056-1,MEL_056-4,MEL_056-5,MEL_056-6,MEL_057-1a,MEL_057-2a,MEL_057-3,MEL_058-1,MEL_058-2,MEL_058-3,MEL_058-4,MEL_058-7,MEL_059-1a,MEL_059-1b,MEL_059-1c,MEL_059-1d,MEL_059-1e,MEL_059-1f,MEL_060-1a,MEL_060-1b,MEL_060-2bA,MEL_060-3,MEL_060-4,MEL_061-1,MEL_061-2,MEL_061-4A,MEL_061-7,MEL_062-1a,MEL_062-2,MEL_062-3,MEL_063a-1,MEL_063a-2,MEL_063b-1,MEL_064-1a,MEL_064-1b,MEL_064-1c,MEL_064-1d,MEL_064-1e,MEL_064-1f,MEL_065-1c,MEL_065-2b,MEL_066-1b,MEL_070-1c,MEL_071-1a,MEL_071-1b,MEL_071-1c,MEL_071-1d,MEL_071-1e,MEL_071-1f,MEL_072-1a,MEL_072-1b,MEL_072-1c,MEL_072-1d,MEL_072-1e,MEL_072-1f,MEL_073-2,MEL_073-3A,MEL_073-6,MEL_073-7,MEL_073-8,MEL_074-1,MEL_074-3,MEL_074-5,MEL_074-6,MEL_075-1b,MEL_075-2b,MEL_075-3,MEL_075-4,MEL_076-1d,MEL_077-3,MEL_077-4,MEL_077-6,MEL_077-6,MEL_077-7,MEL_078-1bA,MEL_078-1cA,MEL_078-2c,MEL_081-1a,MEL_081-3,MEL_081-4,MEL_081-5,MEL_082-1aA,MEL_082-1b,MEL_082-2,MEL_083-1,MEL_084-1,MEL_084-3,MEL_084-5,MEL_084-7,MEL_085-1b,MEL_085-2b,MEL_085-4,MEL_086-3,MEL_086-7,MEL_087-1c,MEL_088-1,MEL_088-3,MEL_088-6,MEL_088-7,MEL_088-8,MEL_089-1a,MEL_089-2a,MEL_089-4,MEL_090-1a,MEL_090-2c,MEL_091-1a,MEL_091-2,MEL_091-3,MEL_091-4,MEL_091-5,MEL_092-1,MEL_092-3,MEL_092-4,MEL_092-6,MEL_092-8,MEL_093-2,MEL_093-3,MEL_093-4,MEL_093-6,MEL_093-7,MEL_094-1c,MEL_094-2c,MEL_095-1,MEL_095-2,MEL_095-6,MEL_095-7A,MEL_095-8B,MEL_096-1a,MEL_096-2,MEL_096-4,MEL_096-5,MEL_096-6,MEL_097-1,MEL_097-2A,MEL_097-3A,MEL_097-5,MEL_097-6,MEL_098-1,MEL_098-2,MEL_098-5B,MEL_098-7,MEL_099-2,MEL_099-4,MEL_099-5,MEL_099-8,MEL_100-1b,MEL_100-2b,MEL_101-1,MEL_101-4,MEL_101-5,MEL_101-7,MEL_102-1,MEL_102-3,MEL_102-4,MEL_102-5,MEL_103-1,MEL_103-2,MEL_103-3,MEL_103-8,MEL_104-2,MEL_104-3,MEL_104-4,MEL_104-7,MEL_105-1,MEL_105-3,MEL_105-5,MEL_106a-1,MEL_106b-1,MEL_106b-2,MEL_107-1a,MEL_107-3a,MEL_108-1,MEL_108-2,MEL_108-3,MEL_108-4A,MEL_109-2,MEL_109-3,MEL_109-6A,MEL_109-7A,MEL_110-2a,MEL_111-1,MEL_111-3,MEL_111-5,MEL_111-7,MEL_112-1a,MEL_112-4,MEL_112-5,MEL_113-1a,MEL_113-2,MEL_113-4,MEL_113-5,MEL_114-1,MEL_114-6,MEL_114-7,MEL_114-8,MEL_115-1,MEL_115-4,MEL_115-5,MEL_115-8,MEL_116-2,MEL_116-4A,MEL_116-6,MEL_116-7,MEL_117-2B,MEL_117-3B,MEL_117-4,MEL_117-5,MEL_118-1b,MEL_118-2aA,MEL_118-3bA,MEL_119-1,MEL_119-2,MEL_119-4,MEL_119-5,MEL_120-3,MEL_120-5,MEL_120-6,MEL_120-7,MEL_121-1a,MEL_121-1b,MEL_121-1c,MEL_121-1d,MEL_121-1e,MEL_121-1f,MEL_122-1b,MEL_122-2b,MEL_122-4,MEL_123-1,MEL_123-2,MEL_123-4,MEL_124-2,MEL_124-4,MEL_124-5,MEL_124-7,MEL_125-1b,MEL_126-2,MEL_126-3,MEL_126-4,MEL_126-5,MEL_127-1b,MEL_127-2b,MEL_128-1,MEL_128-3,MEL_128-4,MEL_128-6,MEL_129-1,MEL_129-3,MEL_129-6,MEL_129-7,MEL_130-1,MEL_130-2,MEL_130-4,MEL_130-7A,MEL_131-1c,MEL_131-2c,MEL_132-1,MEL_132-2,MEL_132-4,MEL_132-5,MEL_133-1B,MEL_133-2,MEL_133-4,MEL_133-7,MEL_134b-1a,MEL_135-1c,MEL_136-1a,MEL_136-2a,MEL_136-3aB,MEL_137a-1,MEL_137b-1,MEL_137b-3,MEL_138-1,MEL_138-4,MEL_139-1A,MEL_139-2,MEL_139-6,MEL_139-7,MEL_140-1b,MEL_140-2b,MEL_140-3,MEL_141-1,MEL_141-4,MEL_141-5,MEL_141-6,MEL_141-7,MEL_142-2,MEL_142-3,MEL_142-4,MEL_142-8,MEL_143-2,MEL_143-4,MEL_143-7,MEL_143-8,MEL_144-1a,MEL_145-2,MEL_145-3,MEL_145-4,MEL_145-6,MEL_146-1a,MEL_146-1b,MEL_147-1,MEL_147-5A,MEL_148-1a,MEL_148-1b,MEL_148-1cB,MEL_148-1d,MEL_148-1e,MEL_148-1fA,MEL_149-1,MEL_149-3,MEL_149-4B,MEL_149-6,MEL_150-3,MEL_150-5,MEL_150-6,MEL_150-8,MEL_151-1,MEL_151-3,MEL_151-4,MEL_151-5,MEL_152-1a,MEL_152-2a,MEL_152-3B,MEL_152-4,MEL_153-1,MEL_154-1a,MEL_154-2a,MEL_154-3,MEL_155-1a,MEL_155-2aA,MEL_155-3a,MEL_156-1A,MEL_156-4,MEL_156-5,MEL_156-6,MEL_157-1,MEL_157-3,MEL_157-5,MEL_157-6,MEL_158-1A,MEL_158-2,MEL_158-4,MEL_158-7,MEL_158-8,MEL_159-1,MEL_159-2A,MEL_159-4,MEL_159-5,MEL_159-8,MEL_160-1,MEL_160-4,MEL_160-5,MEL_160-8,MEL_161-1,MEL_161-2,MEL_161-5,MEL_161-7,MEL_162-2,MEL_162-3,MEL_162-4A,MEL_162-6,MEL_163-2,MEL_163-3,MEL_163-4,MEL_163-7,MEL_164-1,MEL_164-2,MEL_164-4A,MEL_164-7,MEL_165-1A,MEL_165-2A,MEL_165-3,MEL_165-4,MEL_165-5A,MEL_165-6A,MEL_165-7,MEL_165-8,MEL_166-1a,MEL_166-2a,MEL_166-3b,MEL_167-7,MEL_167-8,MEL_168-1bA,MEL_168-3,MEL_168-4,MEL_169-2aA,MEL_169-2cA,MEL_170-1b,MEL_170-3,MEL_170-5A,MEL_170-8,MEL_171-1aB,MEL_171-2c,MEL_172-1,MEL_172-2,MEL_172-4A,MEL_172-5,MEL_172-6,MEL_173-2,MEL_173-5,MEL_174-1,MEL_174-2,MEL_174-3A,MEL_174-4,MEL_174-8B,MEL_175-2A,MEL_175-4B,MEL_175-5,MEL_175-6A,MEL_175-8,MEL_176-1,MEL_176-3,MEL_176-5,MEL_176-7,MEL_176-8,MEL_177a-1,MEL_177b-1a,MEL_178-1b,MEL_178-2a,MEL_178-3a,MEL_179-2,MEL_179-3,MEL_179-4,MEL_179-5,MEL_180-1,MEL_180-2,MEL_180-3,MEL_180-5,MEL_180-6,MEL_181-1,MEL_181-3,MEL_181-5,MEL_181-7,MEL_182-1a,MEL_182-3b,MEL_182-4,MEL_183-1A,MEL_183-2B,MEL_183-7,MEL_184-1aB,MEL_185-1,MEL_185-2,MEL_185-3,MEL_185-4,MEL_185-5,MEL_186-1b,MEL_186-2b,MEL_187-1b,MEL_187-2a,MEL_187-3b,MEL_188-2,MEL_188-7,MEL_188-8B,MEL_189-2,MEL_189-3,MEL_189-5,MEL_189-7,MEL_190-2,MEL_190-4,MEL_190-7,MEL_190-8,MEL_191-1,MEL_191-2,MEL_191-3,MEL_191-4,MEL_191-6,MEL_192-1,MEL_192-4,MEL_192-6,MEL_192-7,MEL_193-1,MEL_193-2,MEL_193-6A,MEL_193-7B,MEL_193-8A,MEL_194a-4B,MEL_194b-1,MEL_194b-4,MEL_195-1a,MEL_195-1cA,MEL_195-1cD,MEL_195-1d,MEL_195-1e,MEL_195-1f,MEL_196-1B,MEL_196-2,MEL_196-3,MEL_196-4,MEL_196-5,MEL_197-2,MEL_197-3,MEL_197-5,MEL_197-6,MEL_197-7,MEL_198-2,MEL_198-3,MEL_198-8,MEL_199-1,MEL_199-2,MEL_199-3,MEL_199-4,MEL_199-7,MEL_200-1b,MEL_200-2,MEL_200-3,MEL_200-5,MEL_201-1A,MEL_201-4,MEL_201-5,MEL_201-6,MEL_202-2,MEL_202-3,MEL_202-4,MEL_202-5B,MEL_202-6,MEL_203-3,MEL_203-5,MEL_203-6,MEL_203-8,MEL_204-1,MEL_204-2,MEL_204-4,MEL_204-6,MEL_204-7A,MEL_205-1d,MEL_205-1eB,MEL_205-1f,MEL_206a-1a,MEL_206b-1,MEL_206b-2,MEL_207-1,MEL_207-3,MEL_207-6,MEL_207-7,MEL_208-1,MEL_208-2,MEL_208-3,MEL_208-4,MEL_208-6,MEL_209-1,MEL_209-2,MEL_209-4A,MEL_209-5B,MEL_209-6,MEL_210-1b,MEL_210-2a,MEL_210-4
Name.2,WSNP92K.045.04226,WSNP92K.045.04227,WSNP92K.045.04228,WSNP92K.045.04229,WSNP92K.051.04801,WSNP92K.045.04230,WSNP92K.045.04231,WSNP92K.045.04232,WSNP92K.045.04233,WSNP92K.045.04234,WSNP92K.045.04235,WSNP92K.045.04236,WSNP92K.045.04237,WSNP92K.051.04802,WSNP92K.045.04238,WSNP92K.045.04239,WSNP92K.045.04240,WSNP92K.051.04803,WSNP92K.045.04241,WSNP92K.045.04242,WSNP92K.045.04243,WSNP92K.045.04244,WSNP92K.045.04245,WSNP92K.045.04246,WSNP92K.051.04804,WSNP92K.045.04247,WSNP92K.045.04248,WSNP92K.045.04249,WSNP92K.045.04250,WSNP92K.051.04805,WSNP92K.045.04251,WSNP92K.045.04252,WSNP92K.045.04253,WSNP92K.045.04254,WSNP92K.045.04255,WSNP92K.045.04256,WSNP92K.045.04257,WSNP92K.045.04258,WSNP92K.045.04259,WSNP92K.045.04260,WSNP92K.045.04261,WSNP92K.045.04262,WSNP92K.045.04263,WSNP92K.045.04264,WSNP92K.045.04266,WSNP92K.045.04267,WSNP92K.045.04268,WSNP92K.045.04269,WSNP92K.045.04270,WSNP92K.045.04271,WSNP92K.045.04272,WSNP92K.045.04273,WSNP92K.045.04274,WSNP92K.045.04275,WSNP92K.045.04276,WSNP92K.045.04277,WSNP92K.045.04278,WSNP92K.045.04279,WSNP92K.045.04280,WSNP92K.045.04281,WSNP92K.045.04282,WSNP92K.045.04283,WSNP92K.045.04284,WSNP92K.045.04285,WSNP92K.045.04286,WSNP92K.045.04287,WSNP92K.045.04288,WSNP92K.045.04289,WSNP92K.051.04806,WSNP92K.045.04290,WSNP92K.045.04291,WSNP92K.051.04807,WSNP92K.045.04292,WSNP92K.045.04293,WSNP92K.045.04294,WSNP92K.045.04295,WSNP92K.045.04296,WSNP92K.045.04297,WSNP92K.051.04808,WSNP92K.045.04298,WSNP92K.045.04299,WSNP92K.045.04300,WSNP92K.045.04301,WSNP92K.045.04302,WSNP92K.045.04303,WSNP92K.045.04304,WSNP92K.045.04305,WSNP92K.045.04306,WSNP92K.045.04307,WSNP92K.045.04308,WSNP92K.045.04309,WSNP92K.045.04311,WSNP92K.045.04312,WSNP92K.045.04313,WSNP92K.045.04314,WSNP92K.045.04315,WSNP92K.045.04316,WSNP92K.045.04317,WSNP92K.045.04318,WSNP92K.045.04319,WSNP92K.051.04809,WSNP92K.045.04320,WSNP92K.046.04321,WSNP92K.051.04810,WSNP92K.046.04322,WSNP92K.046.04323,WSNP92K.045.04225,WSNP92K.046.04325,WSNP92K.046.04326,WSNP92K.046.04327,WSNP92K.046.04328,WSNP92K.046.04329,WSNP92K.046.04330,WSNP92K.046.04331,WSNP92K.046.04332,WSNP92K.051.04811,WSNP92K.046.04333,WSNP92K.046.04334,WSNP92K.046.04335,WSNP92K.046.04336,WSNP92K.046.04337,WSNP92K.051.04812,WSNP92K.051.04813,WSNP92K.051.04814,WSNP92K.051.04815,WSNP92K.051.04816,WSNP92K.046.04338,WSNP92K.046.04339,WSNP92K.051.04817,WSNP92K.046.04340,WSNP92K.046.04341,WSNP92K.046.04342,WSNP92K.051.04818,WSNP92K.046.04343,WSNP92K.051.04819,WSNP92K.051.04820,WSNP92K.046.04345,WSNP92K.051.04821,WSNP92K.051.04822,WSNP92K.051.04823,WSNP92K.046.04346,WSNP92K.046.04347,WSNP92K.046.04348,WSNP92K.046.04349,WSNP92K.051.04824,WSNP92K.046.04350,WSNP92K.046.04351,WSNP92K.046.04352,WSNP92K.051.04825,WSNP92K.046.04353,WSNP92K.046.04354,WSNP92K.046.04355,WSNP92K.051.04826,WSNP92K.046.04356,WSNP92K.046.04357,WSNP92K.046.04358,WSNP92K.051.04827,WSNP92K.046.04359,WSNP92K.046.04360,WSNP92K.051.04828,WSNP92K.046.04361,WSNP92K.046.04362,WSNP92K.046.04363,WSNP92K.046.04364,WSNP92K.046.04365,WSNP92K.046.04366,WSNP92K.046.04367,WSNP92K.051.04829,WSNP92K.046.04368,WSNP92K.046.04369,WSNP92K.046.04370,WSNP92K.046.04371,WSNP92K.046.04372,WSNP92K.046.04373,WSNP92K.051.04830,WSNP92K.046.04374,WSNP92K.051.04831,WSNP92K.051.04832,WSNP92K.051.04833,WSNP92K.046.04376,WSNP92K.051.04834,WSNP92K.046.04377,WSNP92K.046.04378,WSNP92K.051.04835,WSNP92K.046.04379,WSNP92K.046.04380,WSNP92K.046.04381,WSNP92K.046.04382,WSNP92K.046.04383,WSNP92K.046.04384,WSNP92K.046.04385,WSNP92K.051.04836,WSNP92K.046.04386,WSNP92K.046.04387,WSNP92K.051.04837,WSNP92K.051.04838,WSNP92K.051.04839,WSNP92K.046.04388,WSNP92K.046.04389,WSNP92K.046.04390,WSNP92K.046.04391,WSNP92K.046.04392,WSNP92K.051.04840,WSNP92K.046.04393,WSNP92K.046.04394,WSNP92K.046.04395,WSNP92K.046.04396,WSNP92K.046.04397,WSNP92K.046.04398,WSNP92K.046.04399,WSNP92K.046.04400,WSNP92K.046.04401,WSNP92K.046.04402,WSNP92K.046.04403,WSNP92K.046.04404,WSNP92K.046.04405,WSNP92K.046.04406,WSNP92K.046.04407,WSNP92K.046.04408,WSNP92K.045.04310,WSNP92K.046.04410,WSNP92K.046.04411,WSNP92K.046.04412,WSNP92K.046.04413,WSNP92K.046.04414,WSNP92K.046.04415,WSNP92K.046.04416,WSNP92K.047.04417,WSNP92K.047.04418,WSNP92K.047.04419,WSNP92K.047.04420,WSNP92K.051.04841,WSNP92K.047.04422,WSNP92K.047.04423,WSNP92K.047.04424,WSNP92K.047.04425,WSNP92K.047.04426,WSNP92K.047.04427,WSNP92K.047.04428,WSNP92K.047.04429,WSNP92K.047.04430,WSNP92K.047.04431,WSNP92K.047.04432,WSNP92K.047.04433,WSNP92K.047.04434,WSNP92K.051.04842,WSNP92K.047.04435,WSNP92K.047.04436,WSNP92K.047.04437,WSNP92K.047.04438,WSNP92K.047.04439,WSNP92K.051.04843,WSNP92K.047.04440,WSNP92K.047.04441,WSNP92K.047.04443,WSNP92K.051.04844,WSNP92K.051.04845,WSNP92K.047.04444,WSNP92K.047.04445,WSNP92K.047.04446,WSNP92K.051.04846,WSNP92K.047.04447,WSNP92K.051.04847,WSNP92K.047.04448,WSNP92K.047.04449,WSNP92K.047.04450,WSNP92K.047.04451,WSNP92K.047.04452,WSNP92K.047.04453,WSNP92K.047.04454,WSNP92K.047.04455,WSNP92K.047.04456,WSNP92K.051.04848,WSNP92K.047.04457,WSNP92K.047.04458,WSNP92K.047.04459,WSNP92K.047.04460,WSNP92K.047.04461,WSNP92K.051.04849,WSNP92K.047.04462,WSNP92K.047.04463,WSNP92K.047.04464,WSNP92K.047.04465,WSNP92K.047.04466,WSNP92K.047.04467,WSNP92K.051.04850,WSNP92K.047.04468,WSNP92K.047.04469,WSNP92K.047.04470,WSNP92K.047.04471,WSNP92K.051.04851,WSNP92K.047.04472,WSNP92K.047.04473,WSNP92K.047.04474,WSNP92K.047.04475,WSNP92K.051.04852,WSNP92K.047.04476,WSNP92K.047.04477,WSNP92K.047.04478,WSNP92K.047.04479,WSNP92K.047.04480,WSNP92K.047.04481,WSNP92K.051.04853,WSNP92K.047.04482,WSNP92K.047.04483,WSNP92K.047.04484,WSNP92K.047.04485,WSNP92K.047.04486,WSNP92K.047.04487,WSNP92K.051.04854,WSNP92K.051.04855,WSNP92K.047.04488,WSNP92K.047.04489,WSNP92K.047.04490,WSNP92K.047.04491,WSNP92K.047.04492,WSNP92K.051.04856,WSNP92K.047.04493,WSNP92K.047.04495,WSNP92K.047.04496,WSNP92K.047.04497,WSNP92K.047.04498,WSNP92K.051.04857,WSNP92K.047.04499,WSNP92K.051.04858,WSNP92K.047.04500,WSNP92K.047.04501,WSNP92K.047.04502,WSNP92K.047.04503,WSNP92K.047.04504,WSNP92K.047.04505,WSNP92K.051.04859,WSNP92K.051.04860,WSNP92K.047.04506,WSNP92K.047.04507,WSNP92K.047.04508,WSNP92K.047.04509,WSNP92K.047.04510,WSNP92K.051.04861,WSNP92K.047.04511,WSNP92K.047.04512,WSNP92K.051.04862,WSNP92K.048.04513,WSNP92K.048.04514,WSNP92K.048.04515,WSNP92K.048.04516,WSNP92K.051.04863,WSNP92K.048.04517,WSNP92K.048.04518,WSNP92K.051.04864,WSNP92K.048.04519,WSNP92K.048.04520,WSNP92K.048.04521,WSNP92K.048.04522,WSNP92K.048.04523,WSNP92K.051.04865,WSNP92K.048.04524,WSNP92K.051.04866,WSNP92K.048.04525,WSNP92K.048.04526,WSNP92K.048.04527,WSNP92K.048.04528,WSNP92K.051.04867,WSNP92K.048.04529,WSNP92K.048.04530,WSNP92K.051.04868,WSNP92K.048.04531,WSNP92K.048.04532,WSNP92K.048.04533,WSNP92K.051.04869,WSNP92K.048.04534,WSNP92K.048.04535,WSNP92K.048.04536,WSNP92K.048.04537,WSNP92K.051.04870,WSNP92K.048.04538,WSNP92K.048.04539,WSNP92K.048.04540,WSNP92K.051.04871,WSNP92K.048.04541,WSNP92K.048.04542,WSNP92K.048.04543,WSNP92K.048.04544,WSNP92K.048.04545,WSNP92K.051.04872,WSNP92K.048.04546,WSNP92K.048.04547,WSNP92K.048.04548,WSNP92K.048.04549,WSNP92K.051.04873,WSNP92K.048.04550,WSNP92K.048.04551,WSNP92K.048.04552,WSNP92K.048.04553,WSNP92K.048.04554,WSNP92K.048.04555,WSNP92K.048.04556,WSNP92K.048.04557,WSNP92K.048.04558,WSNP92K.048.04559,WSNP92K.051.04874,WSNP92K.048.04560,WSNP92K.048.04561,WSNP92K.051.04875,WSNP92K.048.04562,WSNP92K.048.04563,WSNP92K.048.04564,WSNP92K.048.04565,WSNP92K.048.04566,WSNP92K.051.04876,WSNP92K.048.04567,WSNP92K.048.04568,WSNP92K.048.04569,WSNP92K.048.04570,WSNP92K.048.04571,WSNP92K.051.04877,WSNP92K.048.04572,WSNP92K.048.04573,WSNP92K.048.04574,WSNP92K.048.04575,WSNP92K.048.04576,WSNP92K.051.04878,WSNP92K.051.04879,WSNP92K.048.04577,WSNP92K.048.04578,WSNP92K.048.04579,WSNP92K.048.04580,WSNP92K.048.04581,WSNP92K.051.04880,WSNP92K.048.04582,WSNP92K.048.04583,WSNP92K.048.04584,WSNP92K.048.04585,WSNP92K.051.04881,WSNP92K.048.04586,WSNP92K.048.04587,WSNP92K.048.04588,WSNP92K.048.04589,WSNP92K.048.04590,WSNP92K.051.04882,WSNP92K.048.04591,WSNP92K.048.04592,WSNP92K.051.04883,WSNP92K.048.04593,WSNP92K.048.04594,WSNP92K.048.04595,WSNP92K.048.04596,WSNP92K.051.04884,WSNP92K.048.04597,WSNP92K.048.04598,WSNP92K.048.04599,WSNP92K.048.04600,WSNP92K.048.04601,WSNP92K.048.04602,WSNP92K.051.04885,WSNP92K.048.04603,WSNP92K.051.04886,WSNP92K.048.04604,WSNP92K.051.04887,WSNP92K.048.04605,WSNP92K.048.04606,WSNP92K.048.04607,WSNP92K.048.04608,WSNP92K.049.04609,WSNP92K.051.04888,WSNP92K.049.04610,WSNP92K.049.04611,WSNP92K.049.04612,WSNP92K.049.04613,WSNP92K.051.04889,WSNP92K.049.04614,WSNP92K.051.04890,WSNP92K.049.04615,WSNP92K.049.04616,WSNP92K.049.04617,WSNP92K.049.04618,WSNP92K.049.04619,WSNP92K.049.04620,WSNP92K.049.04621,WSNP92K.049.04622,WSNP92K.049.04623,WSNP92K.051.04891,WSNP92K.049.04624,WSNP92K.049.04625,WSNP92K.049.04626,WSNP92K.049.04627,WSNP92K.051.04892,WSNP92K.049.04628,WSNP92K.049.04629,WSNP92K.051.04893,WSNP92K.049.04630,WSNP92K.049.04631,WSNP92K.049.04632,WSNP92K.051.04894,WSNP92K.049.04633,WSNP92K.049.04634,WSNP92K.049.04635,WSNP92K.049.04636,WSNP92K.049.04637,WSNP92K.049.04638,WSNP92K.049.04639,WSNP92K.049.04640,WSNP92K.049.04641,WSNP92K.049.04642,WSNP92K.049.04643,WSNP92K.049.04644,WSNP92K.049.04645,WSNP92K.051.04895,WSNP92K.049.04646,WSNP92K.051.04896,WSNP92K.049.04647,WSNP92K.049.04648,WSNP92K.049.04649,WSNP92K.052.04897,WSNP92K.052.04898,WSNP92K.049.04650,WSNP92K.049.04651,WSNP92K.049.04652,WSNP92K.049.04653,WSNP92K.052.04899,WSNP92K.052.04900,WSNP92K.049.04654,WSNP92K.049.04655,WSNP92K.052.04901,WSNP92K.049.04656,WSNP92K.049.04657,WSNP92K.049.04658,WSNP92K.052.04902,WSNP92K.049.04659,WSNP92K.049.04660,WSNP92K.052.04903,WSNP92K.049.04661,WSNP92K.049.04662,WSNP92K.049.04663,WSNP92K.049.04664,WSNP92K.049.04665,WSNP92K.052.04904,WSNP92K.049.04666,WSNP92K.049.04667,WSNP92K.052.04905,WSNP92K.049.04668,WSNP92K.049.04669,WSNP92K.049.04670,WSNP92K.049.04671,WSNP92K.049.04672,WSNP92K.049.04673,WSNP92K.049.04674,WSNP92K.049.04675,WSNP92K.049.04676,WSNP92K.049.04677,WSNP92K.049.04678,WSNP92K.049.04679,WSNP92K.049.04680,WSNP92K.049.04681,WSNP92K.049.04682,WSNP92K.049.04683,WSNP92K.049.04684,WSNP92K.049.04685,WSNP92K.049.04686,WSNP92K.049.04687,WSNP92K.052.04906,WSNP92K.049.04688,WSNP92K.049.04689,WSNP92K.049.04690,WSNP92K.049.04691,WSNP92K.049.04692,WSNP92K.049.04693,WSNP92K.052.04907,WSNP92K.049.04694,WSNP92K.049.04695,WSNP92K.052.04908,WSNP92K.049.04696,WSNP92K.049.04697,WSNP92K.052.04909,WSNP92K.052.04910,WSNP92K.049.04698,WSNP92K.049.04699,WSNP92K.049.04700,WSNP92K.049.04701,WSNP92K.049.04702,WSNP92K.052.04911,WSNP92K.049.04703,WSNP92K.052.04912,WSNP92K.049.04704,WSNP92K.052.04913,WSNP92K.052.04914,WSNP92K.050.04705,WSNP92K.052.04915,WSNP92K.050.04706,WSNP92K.050.04707,WSNP92K.050.04708,WSNP92K.052.04916,WSNP92K.050.04709,WSNP92K.052.04917,WSNP92K.050.04710,WSNP92K.050.04711,WSNP92K.050.04712,WSNP92K.050.04713,WSNP92K.052.04918,WSNP92K.050.04714,WSNP92K.052.04919,WSNP92K.050.04715,WSNP92K.052.04920,WSNP92K.050.04716,WSNP92K.052.04921,WSNP92K.050.04717,WSNP92K.050.04718,WSNP92K.052.04922,WSNP92K.052.04923,WSNP92K.050.04719,WSNP92K.050.04720,WSNP92K.050.04721,WSNP92K.050.04722,WSNP92K.052.04924,WSNP92K.050.04723,WSNP92K.050.04724,WSNP92K.050.04725,WSNP92K.052.04925,WSNP92K.050.04726,WSNP92K.050.04727,WSNP92K.050.04728,WSNP92K.050.04729,WSNP92K.050.04730,WSNP92K.050.04731,WSNP92K.050.04732,WSNP92K.050.04733,WSNP92K.052.04926,WSNP92K.050.04734,WSNP92K.050.04735,WSNP92K.050.04736,WSNP92K.050.04737,WSNP92K.050.04738,WSNP92K.052.04927,WSNP92K.050.04739,WSNP92K.052.04928,WSNP92K.052.04929,WSNP92K.050.04740,WSNP92K.050.04741,WSNP92K.050.04742,WSNP92K.050.04743,WSNP92K.050.04744,WSNP92K.050.04745,WSNP92K.052.04930,WSNP92K.052.04931,WSNP92K.052.04932,WSNP92K.050.04746,WSNP92K.050.04747,WSNP92K.050.04748,WSNP92K.050.04749,WSNP92K.052.04933,WSNP92K.050.04750,WSNP92K.050.04751,WSNP92K.050.04752,WSNP92K.050.04753,WSNP92K.050.04754,WSNP92K.050.04755,WSNP92K.050.04756,WSNP92K.050.04757,WSNP92K.052.04934,WSNP92K.052.04935,WSNP92K.050.04758,WSNP92K.050.04759,WSNP92K.050.04760,WSNP92K.050.04761,WSNP92K.052.04936,WSNP92K.052.04937,WSNP92K.050.04762,WSNP92K.052.04938,WSNP92K.050.04763,WSNP92K.050.04764,WSNP92K.052.04939,WSNP92K.052.04940,WSNP92K.050.04765,WSNP92K.050.04766,WSNP92K.050.04767,WSNP92K.050.04768,WSNP92K.052.04941,WSNP92K.050.04769,WSNP92K.050.04770,WSNP92K.050.04771,WSNP92K.050.04772,WSNP92K.050.04773,WSNP92K.052.04942,WSNP92K.052.04943,WSNP92K.050.04774,WSNP92K.052.04944,WSNP92K.050.04775,WSNP92K.050.04776,WSNP92K.050.04777,WSNP92K.050.04778,WSNP92K.052.04945,WSNP92K.050.04779,WSNP92K.050.04780,WSNP92K.050.04781,WSNP92K.050.04782,WSNP92K.052.04946,WSNP92K.050.04783,WSNP92K.050.04784,WSNP92K.050.04785,WSNP92K.050.04786,WSNP92K.050.04787,WSNP92K.052.04947,WSNP92K.052.04948,WSNP92K.050.04788,WSNP92K.050.04789,WSNP92K.050.04790,WSNP92K.050.04791,WSNP92K.050.04792,WSNP92K.052.04949,WSNP92K.050.04793,WSNP92K.052.04950,WSNP92K.050.04794,WSNP92K.052.04951,WSNP92K.052.04952,WSNP92K.050.04795,WSNP92K.050.04796,WSNP92K.050.04797,WSNP92K.050.04798,WSNP92K.050.04799,WSNP92K.050.04800
funnel,1,1,2,2,2,2,2,3,4,4,4,4,5,5,5,5,5,6,6,6,6,6,7,7,8,8,8,8,009a,009b,10,10,10,10,11,11,11,11,12,12,12,12,13,13,14,14,14,14,15,15,15,15,16,16,16,16,17,17,17,17,18,18,19,19,19,19,20,20,20,20,21,21,21,21,22,22,23,23,23,23,24,24,25,25,25,25,25,25,26,27,28,29,29,30,30,31,31,32,32,32,32,32,33,33,33,33,33,34,34,34,34,35,35,35,35,35,36,36,36,36,37,37,38,38,39,40,40,41,41,42,43,43,43,43,43,43,43,044a,044a,044a,044b,45,46,46,46,047a,047a,047b,48,48,48,49,49,49,50,50,50,51,52,52,52,52,52,53,53,53,54,54,54,54,54,55,55,56,56,56,56,57,NA,57,58,58,58,58,58,59,59,59,59,59,59,60,60,60,60,60,61,61,61,61,62,62,62,063a,063a,063b,64,64,64,64,64,64,65,65,66,70,71,71,71,71,71,71,72,72,72,72,72,72,73,73,73,NA,73,74,74,74,74,75,75,75,75,76,77,77,77,77,77,78,78,NA,81,81,81,81,82,82,82,83,84,84,NA,84,NA,85,85,86,86,87,88,88,88,88,NA,89,89,89,90,90,91,91,91,91,91,92,92,92,92,92,93,93,93,93,93,94,94,95,95,95,95,95,96,96,96,96,96,97,97,97,97,97,98,98,98,98,99,99,99,99,100,100,101,101,NA,101,102,102,102,102,103,103,103,103,104,104,104,104,105,105,105,106a,106b,106b,107,107,108,108,108,108,109,109,109,109,110,111,111,111,111,112,112,112,113,113,113,113,114,114,114,114,115,115,115,115,116,116,116,116,117,117,117,117,118,118,118,119,119,119,119,120,120,120,120,121,121,121,121,121,121,122,122,122,123,123,123,124,124,124,124,125,126,126,126,126,127,127,128,128,128,128,129,129,129,NA,130,130,130,130,131,131,132,132,132,132,133,133,133,133,134b,135,136,136,136,137a,137b,137b,138,138,139,139,139,139,140,140,140,141,141,141,141,141,142,142,142,142,143,143,143,143,144,145,145,145,145,146,146,147,147,148,148,148,148,148,148,149,149,149,149,150,150,150,150,151,151,151,151,152,152,152,152,153,154,154,154,155,155,155,156,156,156,156,157,157,157,157,158,158,158,158,158,159,159,159,159,159,160,160,160,160,161,161,161,161,162,162,162,162,163,163,163,163,164,164,164,164,165,165,165,165,165,165,165,165,166,166,166,167,167,168,168,168,169,169,170,170,170,170,171,171,172,172,172,172,172,173,173,174,174,174,174,174,175,175,175,175,175,176,NA,176,176,NA,177a,177b,178,178,178,179,179,179,179,180,180,180,180,180,181,181,181,181,182,182,182,183,183,183,184,185,185,185,185,185,186,186,187,187,187,188,188,188,189,189,189,189,190,190,190,190,191,191,191,191,191,192,192,192,192,193,193,193,193,193,194a,194b,194b,195,195,195,195,195,195,196,196,196,196,196,197,197,197,197,197,198,198,198,199,199,199,199,199,200,NA,200,200,201,201,201,201,202,202,202,202,202,203,203,203,203,204,204,204,NA,204,205,205,205,206a,206b,206b,207,207,207,207,208,208,208,208,208,209,209,209,209,209,210,210,210
plant,1,2,1,3,5,7,8,1,1,2,3,5,3,4,5,7,8,1,3,6,7,8,1,2,1,2,3,4,2,2,1,1,3,5,1,2,3,4,1,2,3,4,1,2,2,4,7,8,2,3,7,8,1,4,6,7,3,4,6,7,1,2,1,4,5,6,1,3,5,7,1,2,3,7,1,2,2,4,5,6,2,5,1,1,1,1,1,1,1,1,1,1,2,1,2,1,2,1,2,5,6,8,1,2,4,5,7,4,5,6,7,1,2,3,7,8,1,3,7,8,1,2,1,2,1,1,2,1,2,1,1,2,3,4,5,6,7,1,2,4,1,1,1,2,7,1,3,1,1,1,2,2,4,5,1,5,6,1,1,3,5,7,8,1,2,3,1,2,3,7,8,1,2,1,4,5,6,1,NA,3,1,2,3,4,7,1,1,1,1,1,1,1,1,2,3,4,1,2,4,7,1,2,3,1,2,1,1,1,1,1,1,1,1,2,1,1,1,1,1,1,1,1,1,1,1,1,1,1,2,3,6,NA,8,1,3,5,6,1,2,3,4,1,3,4,6,6,7,1,1,NA,1,3,4,5,1,1,2,1,1,3,NA,7,NA,2,4,3,7,1,1,3,6,7,NA,1,2,4,1,2,1,2,3,4,5,1,3,4,6,8,2,3,4,6,7,1,2,1,2,6,7,8,1,2,4,5,6,1,2,3,5,6,1,2,5,7,2,4,5,8,1,2,1,4,NA,7,1,3,4,5,1,2,3,8,2,3,4,7,1,3,5,1,1,2,1,3,1,2,3,4,2,3,6,7,2,1,3,5,7,1,4,5,1,2,4,5,1,6,7,8,1,4,5,8,2,4,6,7,2,3,4,5,1,2,3,1,2,4,5,3,5,6,7,1,1,1,1,1,1,1,2,4,1,2,4,2,4,5,7,1,2,3,4,5,1,2,1,3,4,6,1,3,6,NA,1,2,4,7,1,2,1,2,4,5,1,2,4,7,1,1,1,2,3,1,1,3,1,4,1,2,6,7,1,2,3,1,4,5,6,7,2,3,4,8,2,4,7,8,1,2,3,4,6,1,1,1,5,1,1,1,1,1,1,1,3,4,6,3,5,6,8,1,3,4,5,1,2,3,4,1,1,2,3,1,2,3,1,4,5,6,1,3,5,6,1,2,4,7,8,1,2,4,5,8,1,4,5,8,1,2,5,7,2,3,4,6,2,3,4,7,1,2,4,7,1,2,3,4,5,6,7,8,1,2,3,7,8,1,3,4,2,2,1,3,5,8,1,2,1,2,4,5,6,2,5,1,2,3,4,8,2,4,5,6,8,1,NA,5,7,NA,1,1,1,2,3,2,3,4,5,1,2,3,5,6,1,3,5,7,1,3,4,1,2,7,1,1,2,3,4,5,1,2,1,2,3,2,7,8,2,3,5,7,2,4,7,8,1,2,3,4,6,1,4,6,7,1,2,6,7,8,4,1,4,1,1,1,1,1,1,1,2,3,4,5,2,3,5,6,7,2,3,8,1,2,3,4,7,1,NA,3,5,1,4,5,6,2,3,4,5,6,3,5,6,8,1,2,4,NA,7,1,1,1,1,1,2,1,3,6,7,1,2,3,4,6,1,2,4,5,6,1,2,4
line,b,b,a,a,a,a,a,c,a,a,a,a,a,a,a,a,a,a,a,a,a,a,b,b,a,a,a,a,a,a,aA,b,a,a,b,a,a,a,b,b,a,a,a,c,a,a,a,a,a,a,a,a,a,a,a,a,a,a,a,a,a,a,a,a,a,a,a,a,a,a,a,a,a,a,c,b,a,a,a,a,a,a,a,b,c,d,e,f,b,e,c,c,b,b,a,c,c,a,a,a,a,a,a,a,a,a,a,a,a,a,a,a,a,a,a,a,b,a,a,a,a,a,a,b,e,c,c,c,c,b,a,a,a,a,a,a,a,a,a,a,b,b,a,a,a,a,a,a,a,c,bA,a,a,a,a,a,a,d,a,a,a,a,a,aA,aB,a,A,a,A,a,a,aA,b,a,a,a,a,a,NA,a,a,a,a,a,a,a,b,c,d,e,f,a,b,b,a,a,a,a,A,a,a,a,a,a,a,a,a,b,c,d,e,f,c,b,b,c,a,b,c,d,e,f,a,b,c,d,e,f,a,A,a,NA,a,a,a,a,a,b,b,a,a,d,a,a,a,a,a,bA,cA,NA,a,a,a,a,aA,b,a,a,a,a,NA,a,NA,b,a,a,a,c,a,a,a,a,NA,a,a,a,a,c,a,a,a,a,a,a,a,a,a,a,a,a,a,a,a,c,c,a,a,a,A,B,a,a,a,a,a,a,A,A,a,a,a,a,B,a,a,a,a,a,b,b,a,a,NA,a,a,a,a,a,a,a,a,a,a,a,a,a,a,a,a,a,a,a,a,a,a,a,a,A,a,a,A,A,a,a,a,a,a,a,a,a,a,a,a,a,a,a,a,a,a,a,a,a,a,A,a,a,B,B,a,a,b,aA,bA,a,a,a,a,a,a,a,a,a,b,c,d,e,f,b,b,a,a,a,a,a,a,a,a,b,a,a,a,a,b,b,a,a,a,a,a,a,a,NA,a,a,a,A,c,c,a,a,a,a,B,a,a,a,a,c,a,a,aB,a,a,a,a,a,A,a,a,a,b,b,a,a,a,a,a,a,a,a,a,a,a,a,a,a,a,a,a,a,a,a,b,a,A,a,b,cB,d,e,fA,a,a,B,a,a,a,a,a,a,a,a,a,a,a,B,a,a,a,a,a,a,aA,a,A,a,a,a,a,a,a,a,A,a,a,a,a,a,A,a,a,a,a,a,a,a,a,a,a,a,a,a,A,a,a,a,a,a,a,a,A,a,A,A,a,a,A,A,a,a,a,a,b,a,a,bA,a,a,aA,cA,b,a,A,a,aB,c,a,a,A,a,a,a,a,a,a,A,a,B,A,B,a,A,a,a,NA,a,a,NA,a,a,b,a,a,a,a,a,a,a,a,a,a,a,a,a,a,a,a,b,a,A,B,a,aB,a,a,a,a,a,b,b,b,a,b,a,a,B,a,a,a,a,a,a,a,a,a,a,a,a,a,a,a,a,a,a,a,A,B,A,B,a,a,a,cA,cD,d,e,f,B,a,a,a,a,a,a,a,a,a,a,a,a,a,a,a,a,a,b,NA,a,a,A,a,a,a,a,a,a,B,a,a,a,a,a,a,a,a,NA,A,d,eB,f,a,a,a,a,a,a,a,a,a,a,a,a,a,a,A,B,a,b,a,a
YR.glass,2.679,1.275,2.815,1.567,3.019,2.583,2.838,2.822,2.805,2.59,2.814,3.01,3.01,NA,2.283,1.587,2.275,2.886,2.456,2.983,2.79,2.694,2.584,2.901,3.176,2.911,2.698,2.584,2.798,2.695,2.953,2.807,2.159,2.698,2.903,2.906,2.818,2.981,2.694,2.695,2.679,2.901,NA,2.321,2.695,2.798,2.59,1.568,2.906,2.153,2.721,2.775,2.159,2.144,1.024,2.786,3.115,3.031,2.902,2.812,2.604,3.055,NA,NA,3.157,3.149,2.159,2.778,2.575,1.763,2.795,2.897,2.891,2.78,3.091,2.981,2.566,0.178,1.566,NA,2.15,2.566,2.793,2.667,2.778,2.874,2.797,2.797,3.065,-0.019,2.981,3,2.778,1.279,2.687,2.575,2.571,2.571,1.555,2.14,2.806,2.311,2.778,3.041,3.071,2.003,2.793,2.424,2.424,2.806,2.889,2.571,3.071,2.902,3.179,1.564,2.571,2.915,2.695,2.875,2.144,1.775,-0.016,1.502,2.79,0.518,1.995,1.776,2.429,-0.005,2.422,2.782,2.906,2.899,1.56,2.469,2.899,2.664,2.997,2.79,2.562,2.803,3.052,2.995,2.928,1.552,3.002,0.967,0.996,0.968,1.967,1.78,2.429,2.871,2.998,2.569,3.002,2.989,2.995,2.912,2.198,2.872,2.429,2.775,2.808,1.808,2.775,2.775,2.664,2.664,3.053,2.968,2.469,2.872,2.983,3.087,2.437,2.708,NA,1.825,1.019,2.341,3.169,3.17,2.985,0.993,1.593,2.453,1.017,1.019,2.695,2.903,3.011,3.069,3.069,2.7,3.019,1.785,2.321,2.193,2.708,2.807,2.584,2.888,2.792,2.715,2.173,1.584,2.791,3.017,2.004,2.446,2.788,2.676,0.985,2.819,2.713,2.984,2.593,2.792,2.815,2.593,3.008,3.039,2.773,2.446,2.888,2.973,3.077,2.807,3.077,NA,3.102,2.589,1.289,2.803,3.044,2.819,2.804,3.044,2.845,2.84,2.712,1.016,2.693,2.693,1.298,2.789,2.831,NA,1.798,NA,2.582,2.997,2.823,2.813,2.337,2.834,2.354,2.741,NA,NA,NA,2.157,2.693,2.202,1.804,1.789,3.041,2.915,3.041,3.155,NA,1.597,2.996,2.851,2.589,1.609,2.8,2.812,2.465,3.096,1.804,3.166,3.003,2.901,1.004,2.707,3.081,2.9,2.032,2.948,3.071,1.793,2.904,2.916,2.807,2.989,2.689,2.598,NA,2.471,2.808,2.778,1.278,2.982,0.986,2.889,2.916,2.187,2.698,3,2.682,2.486,1.827,2.467,2.989,2.439,2.174,2.99,2.889,2.146,NA,1.293,2.013,0.985,NA,2.162,1.994,2.904,2.805,2.993,2.985,3.071,0.993,1.57,3.07,1.01,2.162,2.793,2.904,2.981,2.917,2.935,1.816,2.161,2.458,2.897,2.604,2.568,2.145,2.983,2.915,2.956,2.351,3.153,2.588,2.568,2.483,2.804,2.726,2.452,2.564,2.583,3.109,3.029,3.069,2.144,2.928,3.068,3.177,2.687,2.185,2.687,2.822,2.451,2.694,3.036,2.933,2.81,2.159,2.456,2.444,2.436,1.308,2.591,2.583,2.934,2.687,2.81,2.305,2.981,3.13,2.19,2.604,1.791,-0.002,3.088,2.568,1.583,1.991,2.707,1.822,2.726,2.182,2.822,2.998,NA,2.696,2.323,1.312,1.823,2.935,2.832,3.084,2.578,2.68,2.984,2.276,2.314,2.993,NA,2.596,2.325,2.457,2.983,2.98,2.596,3.011,2.16,3.011,3.096,2.438,2.811,2.678,2.565,1.578,2.661,2.688,1.785,2.569,2.807,2.8,1.791,2.806,3.096,2.164,1.583,1.785,2.457,1.596,2.984,2.896,2.596,1.596,2.759,3.031,1.796,2.792,2.804,2.485,2.935,1.596,3.084,2.588,2.799,2.317,2.449,2.566,2.677,3.066,2.885,2.593,2.454,2.462,2.885,2.677,2.141,2.482,2.798,2.157,1.981,2.705,1.788,2.566,2.585,1.566,2.33,2.274,1.782,2.434,2.808,2.161,2.454,2.899,2.781,2.565,2.593,2.47,2.713,2.788,2.921,2.434,2.172,3.017,2.98,2.677,2.555,2.885,1.019,2.462,2.989,2.885,2.309,1.793,2.892,2.692,2.899,2.904,1.951,3.024,2.892,2.917,3.102,2.789,2.912,2.652,1.467,2.559,1.958,2.959,3.063,2.967,2.58,2.89,0.958,2.12,2.87,2.655,NA,2.862,2.413,2.563,2.413,2.448,1.751,2.412,2.87,2.559,0.967,2.156,2.863,2.959,3.04,2.413,3.092,3.044,2.955,2.703,2.67,1.779,1.747,2.794,2.906,2.563,2.674,2.674,3.094,2.703,2.652,2.974,1.932,2.412,3.044,1.977,3.059,2.882,2.863,2.967,2.752,2.771,3.063,2.957,2.955,NA,2.439,2.802,NA,2.888,2.57,2.57,2.178,2.146,1.938,2.57,2.903,2.889,1.938,2.681,2.903,2.146,1.825,1.797,2.146,2.142,2.438,2.004,2.888,2.916,2.004,2.681,0.984,2.889,2.438,2.557,2.905,1.597,3.07,2.936,2.816,3.017,3.069,2.146,NA,2.792,2.792,2.8,2.792,2.569,2.8,1.578,2.306,1.927,2.161,3.07,2.933,2.766,2.078,2.785,NA,2.617,2.667,3.106,2.036,2.94,2.745,2.433,1.822,1.634,2.855,1.626,2.01,2.523,2.313,0.011,2.414,2.815,3.126,2.197,2.464,2.197,3.206,2.606,2.002,2.22,1.991,2.654,2.706,2.837,2.966,2.822,2.94,2.706,2.925,2.85,2.029,NA,2.733,3.095,3.167,2.404,2.178,1.814,1.829,2.475,1.829,2.494,3.029,2.94,1.069,2.9,2.303,2.725,2.829,2.755,NA,2.717,2.464,3.049,1.822,0.979,2.159,3.075,2.012,2.706,1.623,3.063,2.451,2.571,2.283,1.991,2.271,2.798,2.941,2.575,2.941,2.686,2.148,1.59,1
yield,7.547,6.77,8.006,8.082,7.831,7.491,4.688,7.411,8.477,7.872,8.316,6.805,7.706,5.439,7.817,7.115,7.15,7.481,8.74,4.707,5.89,8.351,7.06,6.173,6.397,6.869,7.829,8.812,7.136,7.363,7.393,6.706,6.887,7.677,7.402,6.318,6.5,6.669,7.381,5.163,7.698,7.737,7.753,5.938,5.776,6.693,6.247,5.493,4.782,8.676,7.99,7.261,6.872,8.051,8.154,7.524,8.34,7.963,8.607,7.517,8.321,7.429,7.952,7.211,7.468,8.979,9.65,7.941,8.776,6.57,8.171,NA,7.956,8.632,7.799,9.277,7.754,8.626,6.354,6.832,7.807,7.748,8.352,6.399,9.256,8.815,8.016,8.303,8.639,5.527,8.497,7.105,6.492,8.277,8.487,7.931,7.571,8.154,6.099,7.78,8.307,6.732,NA,6.648,7.453,7.059,5.864,8.693,8.4,8.533,8.881,7.672,8.033,8.776,6.161,6.893,6.828,8.656,6.782,6.809,6.654,8.884,6.865,8.277,8.349,3.324,7.442,6.686,7.472,5.962,8.149,8.408,6.738,3.646,7.019,6.973,7.224,6.42,7.011,7.938,7.764,6.409,7.779,5.879,7.457,9.196,7.888,7.8,7.654,5.531,8.246,7.445,8.586,7.233,8.307,7.172,7.411,8.943,6.337,8.542,8.58,6.419,7.366,6.637,7.733,6.829,6.897,6.337,7.374,7.566,7.064,8.502,9.33,7.519,8.622,7.512,7.938,7.707,6.342,7.279,8.708,7.868,8.393,6.219,8.096,6.374,7.358,7.326,7.568,5.714,NA,5.121,6.255,7.414,7.386,7.791,NA,8.655,7.656,6.724,8.449,7.921,6.821,8.193,8.875,7.348,7.85,6.245,6.342,6.877,6.542,5.698,6.234,6.759,6.844,5.825,8.294,7.281,7.232,8.293,8.517,NA,8.011,8.631,NA,8.594,8.241,8.14,7.48,8.436,8.294,9.685,7.529,6.129,7.085,8.835,7.01,7.452,8.493,8.276,6.33,7.728,7.323,4.598,5.589,5.589,6.922,7.004,8.295,NA,7.242,8.147,7.282,8.032,7.728,7.073,7.287,8.631,8.414,9.07,6.092,8.683,8.933,8.208,8.965,8.269,7.776,7.868,7.672,7.367,8.371,7.471,9.039,7.503,5.046,6.781,6.318,8.674,NA,5.761,7.82,7.24,8.261,7.337,7.181,8.32,7.647,5.612,8.228,7.715,6.808,8.63,7.986,6.226,6.922,6.542,8.51,6.745,7.614,6.324,6.917,4.346,6.318,8.002,6.139,9.118,6.391,6.608,7.102,6.11,7.588,8.785,8.672,7.231,8.417,6.522,6.855,7.49,8.376,8.358,7.651,7.435,NA,6.077,8.405,7.585,6.946,7.348,7.016,7.33,7.967,8.68,6.884,8.271,5.761,7.932,6.908,7.754,6.764,7.979,9.697,7.269,7.855,9.203,6.479,8.188,7.83,8.483,7.616,8.91,7.254,9.5,7.93,6.501,7.24,7.916,6.474,7.052,7.465,8.124,6.619,7.008,7.377,8.87,7.389,6.801,7.569,5.933,8.717,7.329,7.559,6.97,7.947,7.783,6.409,7.762,7.831,8.37,8.026,6.011,6.608,6.226,8.479,9.105,6.197,6.838,8.262,8.281,7.134,7.032,6.139,NA,7.049,NA,6.106,6.492,7.525,7.779,7.632,8.023,7.328,7.499,6.117,8.373,6.819,7.655,7.973,8.723,7.284,6.015,6.343,7.157,7.93,6.695,9.295,7.685,7.425,6.615,6.507,7.472,7.733,8.137,7.585,7.394,5.89,6.039,7.417,8.351,8.418,5.197,6.817,8.143,5.937,7.898,8.225,8.114,NA,5.835,7.109,8.245,7.289,7.275,7.299,6.16,6.303,8.104,8.379,6.507,6.534,7.656,6.048,7.287,7.273,8.633,7.307,6.594,7.071,6.333,6.547,7.477,7.001,7.466,6.465,7.872,9.229,9.083,8.886,7.86,7.577,7.578,7.225,6.963,6.097,8.846,6.776,6.579,6.531,6.956,7.144,7.862,8.546,7.053,6.215,7.315,7.345,7.363,5.917,5.981,6.14,7.486,6.712,7.988,7.487,8.565,8.388,8,8.591,5.468,5.31,8.087,7.123,7.18,8.795,8.349,9.06,6.9,8,7.216,7.007,7.232,7.943,6.93,8.226,8.221,6.815,7.522,9.231,8.738,6.955,7.911,8.35,7.415,8.349,8.777,9.293,9.3,7.574,NA,7.858,7.851,7.782,8.391,7.188,7.817,7.355,4.813,7.146,7.643,7.816,6.922,7.843,9.275,7.565,6.721,8.378,8.213,7.888,9.428,7.982,8.459,8.195,7.711,7.652,6.129,6.489,8.816,7.383,8.362,7.626,7.196,6.771,7.749,8.191,7.54,8.657,6.777,8.642,8.785,7.844,3.909,9.534,8.364,8.5,8.591,7.735,7.35,6.147,8.667,7.316,7.346,7.717,8.243,7.442,7.303,6.241,7.06,5.035,6.868,7.19,7.748,6.229,7.388,7.542,7.031,8.569,7.674,6.06,7.274,8.067,5.737,7.418,8.391,7.855,8.221,6.493,5.694,7.758,5.653,9.096,8.506,8.243,8.435,7.581,7.048,8.132,8.37,7.22,9.387,7.932,7.561,7.048,7.675,7.147,5.355,7.467,7.631,7.914,7.646,6.7,7.298,5.732,6.779,8.029,6.985,7.006,8.256,6.164,8.356,6.651,8.447,6.576,8.599,7.918,9.173,7.261,6.501,7.21,9.06,8.874,7.709,8.689,6.001,8.574,8.574,7.043,NA,6.139,8.39,6.805,7.754,9.011,7.969,8.44,7.679,7.798,9.232,9.447,9.063,7.446,7.786,7.881,8.496,7.732,6.348,7.526,6.745,6.847,7.922,7.231,7.797,8.385,6.719,5.962,7.052,7.282,7.702,7.797,7.177,8.416,6.716,7.827,8.026,7.424,8.145,8.159,8.637,7.932,8.401,6.712,8.45,5.923,6.479,7.251,7.932,7.022,7.181,9.099,8.134,9.446,8.185,8.086,6.878,7.462,5.522,8.427,7.959,5.39,9.278,7.949,5.202
height,80,92,80,82,68,78,73,42,78,71,70,77,75,73,88,81,68,82,85,80,105,67,70,69,59,78,74,86,67,78,83,73,70,80,80,47,73,84,84,90,82,76,60,90,98,61,59,68,97,93,71,84,77,79,80,75,79,66,98,85,84,83,93,97,95,99,78,86,78,82,70,71,66,75,75,79,88,71,71,82,86,80,70,70,68,85,69,77,77,85,88,88,70,86,76,84,97,93,78,86,83,80,74,61,66,67,52,75,84,54,68,74,75,62,76,79,85,94,86,80,99,78,69,68,82,81,74,61,72,81,83,78,67,46,87,68,60,63,71,83,94,65,83,75,88,87,83,84,81,82,57,72,78,79,64,89,81,100,96,84,93,76,61,61,62,72,53,60,78,75,47,84,76,70,80,96,78,72,69,85,84,61,82,96,87,80,78,81,88,91,65,84,79,74,78,73,64,90,76,62,71,76,60,71,81,84,88,78,74,78,93,86,68,57,83,83,86,74,75,82,82,68,85,84,100,89,79,83,71,82,84,96,99,77,84,87,80,81,93,83,74,86,77,69,45,45,72,73,85,68,97,60,89,84,102,99,98,83,75,71,102,77,82,51,51,61,72,82,62,72,71,82,62,80,93,73,68,76,60,78,86,78,85,88,80,72,88,91,91,95,88,64,90,82,75,74,86,91,76,81,85,53,68,76,88,74,77,81,76,103,99,85,96,68,86,74,85,87,92,84,81,75,81,54,78,86,85,91,69,71,67,73,86,80,83,68,76,95,63,80,77,79,68,82,62,81,44,69,60,101,79,83,65,75,67,92,77,77,84,84,67,71,60,74,81,73,65,68,76,75,78,78,60,77,87,95,91,82,82,87,84,76,71,58,66,70,70,69,59,73,86,87,73,85,77,90,93,86,77,73,66,87,69,85,76,95,76,53,91,89,80,64,73,46,82,90,82,51,63,78,85,70,73,89,84,79,84,80,81,98,88,77,66,76,69,68,76,67,79,82,78,98,66,73,66,81,70,64,77,70,70,76,68,88,61,56,71,87,100,71,83,78,52,73,57,68,74,52,75,78,84,79,68,87,84,71,70,94,86,81,82,82,75,100,78,76,85,60,65,85,91,95,80,79,75,78,89,77,52,79,72,77,72,73,78,85,93,84,82,85,85,77,81,78,74,77,77,73,74,78,73,68,75,89,80,88,77,76,74,62,75,79,72,77,44,69,72,77,78,99,81,88,73,86,83,76,83,72,76,76,87,84,93,61,73,75,82,80,80,92,81,73,83,78,73,69,67,94,90,60,77,87,73,87,67,75,57,73,75,67,81,68,74,73,70,86,85,61,69,68,73,74,69,73,57,78,81,69,70,53,83,80,88,73,68,85,68,81,73,70,71,70,88,75,79,85,71,84,78,82,77,77,77,72,75,71,77,70,72,71,67,74,78,87,78,67,91,64,90,78,83,76,87,76,72,74,66,77,78,78,76,92,67,50,83,49,89,78,73,80,72,76,82,81,76,85,77,62,73,72,71,82,73,58,72,90,78,73,93,90,77,74,59,82,84,79,72,73,70,79,69,67,62,67,78,74,75,65,70,72,79,87,87,70,78,68,85,69,92,84,78,84,74,86,77,78,72,57,71,70
YR.field,2,5,3,2,6,3,3,4,2,3,3,4,4,2,2,4,3,4,4,4,4,6,1,3,5,4,5,5,5,4,5,4,4,3,5,4,5,6,5,4,3,3,3,4,2,4,2,3,3,2,4,3,4,3,1,2,2,3,4,3,3,5,3,3,3,5,3,2,4,3,3,5,4,4,3,3,2,2,1,2,2,3,4,3,5,3,4,4,2,1,4,2,5,2,1,3,3,3,1,3,3,1,4,4,4,4,5,5,1,4,3,1,1,5,3,1,3,3,2,2,2,1,1,2,2,1,2,1,2,1,2,3,3,2,2,3,3,2,2,3,2,2,3,5,4,1,4,1,1,1,2,2,3,5,4,3,1,4,3,3,3,4,4,4,4,3,4,4,2,3,4,3,3,2,3,3,1,4,1,2,1,2,3,3,3,1,2,1,1,1,2,3,3,2,3,3,4,1,2,3,1,4,1,1,2,2,1,1,2,1,1,2,3,1,1,2,2,3,3,3,4,2,4,2,1,4,4,5,3,1,2,1,3,3,2,4,4,5,3,4,2,4,5,1,2,2,5,5,4,4,3,2,2,3,3,3,1,2,1,3,4,5,3,1,2,3,1,1,4,3,2,3,2,2,3,3,3,2,2,2,3,3,2,4,2,2,2,2,3,2,2,3,3,2,2,1,3,2,1,2,2,1,2,2,1,5,1,4,4,3,1,3,2,1,3,3,3,1,2,2,2,1,1,3,3,2,3,1,2,3,3,2,2,4,1,1,2,2,2,2,3,2,1,4,3,1,1,2,1,1,1,1,4,1,1,1,1,2,1,3,1,2,4,3,3,4,4,2,2,2,3,4,1,4,2,2,2,3,3,3,2,2,4,3,1,2,2,4,2,2,1,1,3,1,2,2,1,3,2,2,1,2,1,3,1,1,1,1,2,1,1,1,3,3,3,2,4,4,2,2,3,3,1,2,1,3,1,4,2,3,4,2,1,3,2,3,3,3,2,2,2,1,4,2,4,3,2,2,1,1,1,2,3,1,2,3,3,2,1,2,2,3,1,2,2,2,1,4,2,2,3,1,3,1,2,2,2,1,1,2,1,2,2,1,2,1,1,1,1,1,1,2,2,3,4,3,2,3,1,3,4,4,3,3,4,1,1,2,2,1,1,2,1,4,2,3,3,3,3,1,1,2,3,2,2,2,3,1,1,1,2,1,2,2,2,1,2,2,2,1,3,2,1,2,2,2,3,3,1,1,1,3,2,3,3,2,2,3,2,1,1,2,3,2,2,2,3,3,4,2,3,3,3,4,3,5,2,4,3,2,3,4,2,3,3,2,2,2,4,3,3,3,2,1,3,1,3,2,2,2,3,2,2,2,2,1,2,2,4,2,1,2,3,2,3,2,2,4,3,1,2,2,2,2,1,2,3,2,3,3,1,3,2,2,4,4,2,1,2,4,3,2,2,1,1,4,4,2,2,3,1,1,1,1,1,2,2,3,2,1,3,3,2,2,3,3,3,3,3,3,2,1,2,2,3,2,2,3,2,2,3,3,2,2,2,2,3,4,2,2,2,2,3,4,3,3,3,5,4,3,1,2,3,1,3,4,2,2,2,2,1,3,3,3,3,3,2,2,2,1
FUS,3,2,3,2,4,4,5,7,4,2,3,2,5,5,3,3,3,5,7,4,5,5,4,5,3,4,5,4,4,2,5,5,4,5,5,6,7,5,4,5,5,5,5,3,3,6,3,4,4,2,4,3,3,4,2,3,2,2,2,2,3,3,2,2,3,3,3,2,3,4,5,3,4,6,4,2,4,3,5,2,4,4,5,5,6,5,7,4,4,3,2,3,5,3,2,2,5,2,4,4,4,2,4,4,5,4,5,4,3,3,3,6,5,5,5,4,3,2,4,5,4,4,4,5,2,6,3,5,4,3,2,3,4,6,5,2,4,5,3,4,2,5,4,5,3,4,2,2,5,4,5,4,4,3,6,4,3,3,3,3,5,5,4,4,3,4,5,5,3,2,6,2,3,3,2,2,2,2,4,4,3,4,3,5,3,3,3,2,4,3,6,6,4,6,3,5,6,4,4,5,6,6,4,4,4,3,3,3,2,3,5,3,4,5,4,5,4,3,3,2,4,4,4,4,4,5,5,4,3,2,2,3,5,4,4,3,3,4,5,5,4,2,5,1,4,4,4,5,1,3,4,4,2,5,3,4,3,4,2,4,2,4,3,5,4,6,5,5,6,4,5,4,4,2,3,4,6,3,4,3,4,3,4,5,5,5,5,7,4,4,3,5,3,3,4,5,6,3,5,6,2,4,4,4,5,6,4,5,5,2,3,4,3,5,2,2,3,5,4,5,4,5,0,6,4,3,5,4,5,3,5,3,4,4,3,4,3,3,4,2,4,3,7,4,5,3,5,4,4,2,3,2,4,3,4,2,5,4,3,3,5,2,5,4,3,4,6,6,3,3,3,3,3,4,3,2,5,4,3,3,3,4,4,5,4,6,5,4,4,3,4,4,3,3,5,3,3,3,3,5,5,2,2,2,2,3,3,3,5,3,4,2,4,5,6,4,6,5,5,6,5,5,4,3,3,5,2,3,5,5,5,2,4,4,4,5,2,2,3,3,3,5,5,2,6,3,4,4,3,4,4,3,5,2,5,6,4,2,3,5,5,4,5,4,6,5,4,5,5,4,5,4,4,3,3,3,4,3,4,6,4,5,5,5,6,4,6,5,5,5,3,4,3,4,4,4,4,5,3,5,5,4,4,4,3,2,3,3,6,5,3,6,4,4,6,3,3,5,3,5,5,4,4,4,4,2,3,4,5,5,3,3,4,3,6,5,2,3,5,3,4,4,5,3,3,3,4,5,4,6,4,3,4,7,6,4,4,4,5,6,4,4,3,4,5,6,4,4,3,6,5,4,5,3,3,4,4,5,6,4,5,6,4,5,5,3,2,6,6,4,6,4,5,4,6,3,4,4,5,5,6,5,4,5,5,4,5,6,6,5,4,3,4,5,5,4,4,5,7,5,6,7,3,5,4,5,4,4,6,5,6,5,5,4,5,4,4,5,5,3,3,3,2,3,4,4,7,4,4,6,4,4,6,6,5,5,2,4,5,3,4,4,4,5,5,3,3,5,4,3,5,3,4,5,3,3,4,4,3,4,4,5,6,4,4,3,5,5,2,6,4,4,4,5,4,5,4,4,4,5,5,4,5,3,5,5,2,4,3,3,3,5,6,3,5,4,4,3,4,3
MIL,3,1,4,1,3,5,8,3,5,3,1,1,1,5,4,1,4,5,1,1,1,3,1,3,7,7,5,6,6,1,3,2,1,1,3,3,5,4,2,1,1,1,1,1,3,1,1,1,1,1,1,1,3,1,1,3,2,3,5,2,1,1,4,2,1,3,1,2,1,1,1,1,1,1,2,3,1,3,3,1,2,5,1,1,1,1,1,1,2,1,2,1,2,2,3,3,1,1,1,1,1,1,5,6,4,2,1,1,1,3,6,1,1,2,4,4,4,2,6,5,3,1,2,1,1,1,3,1,1,1,1,3,1,1,1,2,1,1,3,1,1,1,3,5,2,5,3,1,2,1,5,4,2,1,4,1,3,1,5,4,1,3,4,4,3,2,2,3,2,1,2,4,3,2,2,1,4,4,4,2,3,2,2,5,4,1,1,2,1,1,2,1,3,1,3,5,6,2,1,4,4,1,1,1,1,1,1,1,1,1,1,1,1,3,2,2,4,1,3,5,2,1,1,1,1,1,1,4,1,2,5,6,3,3,1,2,5,1,1,1,1,4,1,1,6,6,5,2,2,6,1,1,4,5,1,1,4,1,1,4,1,6,3,1,1,1,4,1,4,5,2,4,1,1,1,2,5,3,1,1,3,1,1,4,2,5,2,3,5,1,1,3,3,2,4,3,1,6,4,4,2,1,3,2,1,2,1,3,2,2,3,4,4,1,2,2,2,5,1,3,5,4,0,4,2,2,4,2,3,4,1,5,2,5,1,1,3,2,1,1,2,1,2,1,1,4,2,1,4,2,3,3,2,1,1,3,1,1,2,3,3,1,2,5,1,2,3,4,3,5,4,2,1,1,1,5,2,4,3,2,2,3,3,3,1,1,2,6,2,2,1,2,3,1,3,2,1,4,1,2,1,2,1,3,1,1,1,2,1,1,1,1,1,4,1,2,2,1,1,2,6,5,1,1,1,3,1,3,2,2,2,2,1,3,1,1,1,4,1,1,2,1,4,1,1,1,5,4,1,1,1,1,7,1,2,1,1,1,3,1,5,1,1,1,1,1,1,1,1,1,1,1,2,3,1,4,2,3,3,4,2,2,1,1,2,4,2,2,3,2,1,1,1,2,4,4,1,3,1,2,3,4,1,1,3,2,1,1,3,4,3,5,1,1,3,3,5,4,6,3,4,4,6,4,3,1,3,2,1,1,3,2,5,6,2,1,1,1,1,1,1,1,3,2,3,5,5,5,3,4,3,3,4,1,3,2,1,1,5,1,1,1,1,1,5,1,2,2,5,1,1,2,5,1,1,6,1,4,5,2,1,2,1,2,2,3,4,6,5,5,4,2,2,1,2,4,3,1,1,5,4,5,1,1,1,1,2,1,1,1,4,3,4,2,2,2,1,2,3,1,3,4,1,8,6,5,4,4,2,3,1,2,3,4,3,4,4,1,2,2,2,1,4,4,4,1,6,4,4,4,5,4,3,1,1,4,1,4,4,3,3,3,4,4,3,2,2,1,4,2,1,1,1,1,1,1,1,1,3,2,1,2,1,1,1,1,1,2,1,1,1,2,4,3,6,4,1,3,3,5,4,1,2,3,3,5,1,1,2,3,1,1,2,1,1,1,1,3,2,1
FT,37,26,30,29,NA,NA,38,24,23,27,29,41,27,33,31,29,NA,30,20,31,32,19,32,36,31,30,34,31,NA,29,NA,30,27,30,31,33,31,30,37,29,33,34,29,21,35,31,33,32,28,28,23,35,30,28,31,34,36,35,36,39,35,36,30,33,28,NA,NA,34,19,31,15,25,29,39,27,29,35,22,38,28,38,34,NA,18,NA,22,18,36,31,31,22,35,32,36,27,23,30,32,26,23,36,36,NA,24,36,29,23,30,35,26,33,19,26,11,34,39,38,40,36,42,29,29,32,33,27,39,38,36,30,33,37,28,31,35,35,39,33,34,29,35,37,38,32,33,26,28,34,34,34,33,NA,18,28,30,16,41,30,33,32,31,17,NA,NA,NA,NA,24,NA,31,NA,32,24,NA,11,22,32,23,22,28,35,23,29,30,32,30,31,30,25,30,21,37,34,37,38,NA,35,29,36,28,NA,32,26,30,32,27,29,35,34,38,40,33,38,34,36,31,39,29,31,30,23,26,19,25,18,23,30,20,24,26,31,NA,33,30,36,34,30,23,31,28,25,27,30,32,34,40,38,38,27,NA,NA,32,35,30,38,27,NA,28,29,30,27,32,29,30,22,24,24,11,14,38,14,37,34,36,30,32,30,30,36,28,15,28,28,27,30,35,33,27,31,37,36,31,38,27,28,40,35,38,25,37,NA,NA,32,38,37,31,38,17,NA,NA,35,28,38,35,NA,32,33,36,35,36,34,28,32,30,15,34,31,31,31,36,27,26,33,37,34,29,33,21,36,30,44,27,22,41,21,23,37,29,34,NA,42,35,NA,NA,36,39,37,41,41,38,36,39,33,34,42,35,37,41,36,31,34,39,38,33,29,NA,33,37,NA,NA,39,37,32,NA,NA,21,23,37,30,39,36,37,37,41,37,41,34,42,36,32,32,31,30,33,42,33,28,31,36,41,36,34,35,37,23,41,29,41,36,20,25,32,36,23,18,31,40,NA,28,21,34,18,23,33,NA,34,33,33,39,44,38,36,NA,31,35,36,43,42,NA,32,35,28,21,36,31,21,16,34,33,33,37,38,35,37,21,30,21,18,33,20,27,27,32,35,43,30,NA,31,40,NA,35,32,NA,33,32,NA,34,35,32,35,40,41,36,36,38,30,33,NA,39,41,41,22,37,40,NA,27,NA,38,36,33,30,35,37,28,NA,33,33,36,27,31,NA,32,17,25,32,35,29,29,27,38,37,27,36,32,NA,30,35,41,34,31,34,37,NA,21,NA,NA,33,32,NA,NA,34,35,34,37,36,38,35,NA,37,33,NA,NA,35,40,NA,38,NA,36,22,35,NA,43,34,40,36,31,38,NA,35,NA,NA,NA,34,NA,28,31,34,28,43,33,30,34,39,36,17,32,20,35,27,36,36,39,37,31,40,28,38,27,33,29,30,NA,NA,32,NA,36,31,37,33,27,31,26,35,37,39,40,23,NA,33,35,34,30,35,28,38,40,40,24,39,18,38,18,24,18,23,26,40,NA,NA,NA,NA,29,19,35,NA,NA,35,41,34,NA,23,24,26,33,24,32,27,31,32,11,32,17,31,29,36,36,29,29,30,31,34,NA,29,32,32,36,31,30,NA,32,23,28,33,34,30,25,21,30,NA,19,NA,26,37,32,30,30,38,28,36,34,31,30,28,37,35,22,NA,NA,33,15,26,29
